Date,Open,High,Low,Close,Volume,ExDividend,SplitRatio,AdjOpen,AdjHigh,AdjLow,AdjClose,AdjVolume
2018-03-08,44.25,44.41,43.935,44.34,19677672.0,0.0,1.0,44.25,44.41,43.935,44.34,19677672.0
2018-03-07,44.03,44.39,43.8,44.2,22034446.0,0.0,1.0,44.03,44.39,43.8,44.2,22034446.0
2018-03-06,44.65,44.785,44.135,44.29,21929955.0,0.0,1.0,44.65,44.785,44.135,44.29,21929955.0
2018-03-05,43.92,44.765,43.7,44.52,22101667.0,0.0,1.0,43.92,44.765,43.7,44.52,22101667.0
2018-03-02,43.29,44.22,43.1,44.06,28848064.0,0.0,1.0,43.29,44.22,43.1,44.06,28848064.0
2018-03-01,44.68,45.0,43.35,43.8,32154328.0,0.0,1.0,44.68,45.0,43.35,43.8,32154328.0
2018-02-28,45.27,45.89,44.78,44.78,26346609.0,0.0,1.0,45.27,45.89,44.78,44.78,26346609.0
2018-02-27,45.41,45.61,44.62,45.04,26887782.0,0.0,1.0,45.41,45.61,44.62,45.04,26887782.0
2018-02-26,44.3,45.45,44.13,45.36,27226705.0,0.0,1.0,44.3,45.45,44.13,45.36,27226705.0
2018-02-23,43.37,44.04,42.92,44.0,24855689.0,0.0,1.0,43.37,44.04,42.92,44.0,24855689.0
2018-02-22,43.49,43.56,42.75,42.94,25627449.0,0.0,1.0,43.49,43.56,42.75,42.94,25627449.0
2018-02-21,44.11,44.42,43.28,43.31,27128222.0,0.0,1.0,44.11,44.42,43.28,43.31,27128222.0
2018-02-20,44.0,44.69,43.81,44.06,26258211.0,0.0,1.0,44.0,44.69,43.81,44.06,26258211.0
2018-02-16,43.885,45.09,43.79,44.33,37915915.0,0.0,1.0,43.885,45.09,43.79,44.33,37915915.0
2018-02-15,45.065,45.13,43.26,44.08,71490591.0,0.0,1.0,45.065,45.13,43.26,44.08,71490591.0
2018-02-14,41.04,42.26,40.99,42.09,39880261.0,0.0,1.0,41.04,42.26,40.99,42.09,39880261.0
2018-02-13,40.5,41.31,40.22,41.23,29220084.0,0.0,1.0,40.5,41.31,40.22,41.23,29220084.0
2018-02-12,40.515,40.91,40.225,40.6,37320696.0,0.0,1.0,40.515,40.91,40.225,40.6,37320696.0
2018-02-09,39.0,39.92,38.23,39.51,47947702.0,0.0,1.0,39.0,39.92,38.23,39.51,47947702.0
2018-02-08,40.44,40.76,38.72,38.73,39300118.0,0.0,1.0,40.44,40.76,38.72,38.73,39300118.0
2018-02-07,40.31,41.206,40.03,40.34,31841942.0,0.0,1.0,40.31,41.206,40.03,40.34,31841942.0
2018-02-06,38.33,40.305,37.35,40.17,52940550.0,0.0,1.0,38.33,40.305,37.35,40.17,52940550.0
2018-02-05,40.87,41.405,39.08,39.09,39491216.0,0.0,1.0,40.87,41.405,39.08,39.09,39491216.0
2018-02-02,41.5,41.95,40.87,40.93,25920378.0,0.0,1.0,41.5,41.95,40.87,40.93,25920378.0
2018-02-01,41.09,42.11,40.67,41.7,26001606.0,0.0,1.0,41.09,42.11,40.67,41.7,26001606.0
2018-01-31,41.98,42.01,41.35,41.54,34571282.0,0.0,1.0,41.98,42.01,41.35,41.54,34571282.0
2018-01-30,42.685,42.86,41.97,42.25,25671649.0,0.0,1.0,42.685,42.86,41.97,42.25,25671649.0
2018-01-29,42.3,42.98,42.3,42.85,23053104.0,0.0,1.0,42.3,42.98,42.3,42.85,23053104.0
2018-01-26,42.15,42.56,41.95,42.56,22637421.0,0.0,1.0,42.15,42.56,41.95,42.56,22637421.0
2018-01-25,42.27,42.47,41.82,41.9,18610206.0,0.0,1.0,42.27,42.47,41.82,41.9,18610206.0
2018-01-24,42.2,42.685,42.01,42.17,25739984.0,0.0,1.0,42.2,42.685,42.01,42.17,25739984.0
2018-01-23,41.54,42.13,41.54,42.1,21069503.0,0.0,1.0,41.54,42.13,41.54,42.1,21069503.0
2018-01-22,41.2,41.66,41.02,41.66,21794682.0,0.0,1.0,41.2,41.66,41.02,41.66,21794682.0
2018-01-19,41.28,41.52,41.1,41.29,23554383.0,0.0,1.0,41.28,41.52,41.1,41.29,23554383.0
2018-01-18,41.24,41.48,41.03,41.3,17450956.0,0.0,1.0,41.24,41.48,41.03,41.3,17450956.0
2018-01-17,40.84,41.32,40.705,41.2,23612126.0,0.0,1.0,40.84,41.32,40.705,41.2,23612126.0
2018-01-16,40.9,41.16,40.32,40.54,32273879.0,0.0,1.0,40.9,41.16,40.32,40.54,32273879.0
2018-01-12,40.22,40.93,40.05,40.87,22962700.0,0.0,1.0,40.22,40.93,40.05,40.87,22962700.0
2018-01-11,40.14,40.21,39.75,40.1,20178596.0,0.0,1.0,40.14,40.21,39.75,40.1,20178596.0
2018-01-10,39.65,40.24,39.63,39.91,19110146.0,0.0,1.0,39.65,40.24,39.63,39.91,19110146.0
2018-01-09,39.79,39.96,39.54,39.69,21339760.0,0.0,1.0,39.79,39.96,39.54,39.69,21339760.0
2018-01-08,39.52,39.96,39.35,39.94,16511704.0,0.0,1.0,39.52,39.96,39.35,39.94,16511704.0
2018-01-05,39.55,39.88,39.365,39.53,24369510.0,0.0,1.0,39.55,39.88,39.365,39.53,24369510.0
2018-01-04,39.05,39.54,38.93,38.99,20606344.0,0.0,1.0,39.05,39.54,38.93,38.99,20606344.0
2018-01-03,38.72,39.285,38.53,39.17,29066090.0,0.0,1.0,38.72,39.285,38.53,39.17,29066090.0
2018-01-02,38.67,38.95,38.43,38.86,19972431.0,0.0,1.0,38.67,38.95,38.43,38.86,19972431.0
2017-12-29,38.41,38.62,38.3,38.3,12359455.0,0.0,1.0,38.41,38.62,38.3,38.3,12359455.0
2017-12-28,38.73,38.73,38.45,38.59,8662664.0,0.0,1.0,38.73,38.73,38.45,38.59,8662664.0
2017-12-27,38.54,38.65,38.45,38.56,10262927.0,0.0,1.0,38.54,38.65,38.45,38.56,10262927.0
2017-12-26,38.55,38.68,38.36,38.48,8148042.0,0.0,1.0,38.55,38.68,38.36,38.48,8148042.0
2017-12-22,38.52,38.74,38.47,38.55,11120656.0,0.0,1.0,38.52,38.74,38.47,38.55,11120656.0
2017-12-21,38.88,38.995,38.49,38.53,16188471.0,0.0,1.0,38.88,38.995,38.49,38.53,16188471.0
2017-12-20,38.49,38.8,38.21,38.74,18701741.0,0.0,1.0,38.49,38.8,38.21,38.74,18701741.0
2017-12-19,38.66,38.86,38.28,38.3,18478762.0,0.0,1.0,38.66,38.86,38.28,38.3,18478762.0
2017-12-18,38.48,38.89,38.3,38.48,21036306.0,0.0,1.0,38.48,38.89,38.3,38.48,21036306.0
2017-12-15,38.01,38.28,37.7,38.19,36491640.0,0.0,1.0,38.01,38.28,37.7,38.19,36491640.0
2017-12-14,38.2,38.27,37.855,37.9,16556403.0,0.0,1.0,38.2,38.27,37.855,37.9,16556403.0
2017-12-13,38.09,38.37,38.0,38.15,19934529.0,0.0,1.0,38.09,38.37,38.0,38.15,19934529.0
2017-12-12,37.79,38.1,37.56,37.91,16451320.0,0.0,1.0,37.79,38.1,37.56,37.91,16451320.0
2017-12-11,37.59,38.04,37.57,37.96,15619388.0,0.0,1.0,37.59,38.04,37.57,37.96,15619388.0
2017-12-08,37.59,37.69,37.42,37.61,13777371.0,0.0,1.0,37.59,37.69,37.42,37.61,13777371.0
2017-12-07,37.26,37.78,37.26,37.4,15189086.0,0.0,1.0,37.26,37.78,37.26,37.4,15189086.0
2017-12-06,37.37,37.72,37.25,37.41,16312845.0,0.0,1.0,37.37,37.72,37.25,37.41,16312845.0
2017-12-05,37.74,37.82,37.17,37.31,22743474.0,0.0,1.0,37.74,37.82,37.17,37.31,22743474.0
2017-12-04,37.81,37.99,37.54,37.72,29006129.0,0.0,1.0,37.81,37.99,37.54,37.72,29006129.0
2017-12-01,37.09,37.66,36.73,37.6,26851147.0,0.0,1.0,37.09,37.66,36.73,37.6,26851147.0
2017-11-30,37.62,37.8,37.3,37.3,28692862.0,0.0,1.0,37.62,37.8,37.3,37.3,28692862.0
2017-11-29,37.75,38.025,37.23,37.48,36640805.0,0.0,1.0,37.75,38.025,37.23,37.48,36640805.0
2017-11-28,37.0,37.8,36.98,37.73,30097816.0,0.0,1.0,37.0,37.8,36.98,37.73,30097816.0
2017-11-27,36.51,37.09,36.5,36.87,20667352.0,0.0,1.0,36.51,37.09,36.5,36.87,20667352.0
2017-11-24,36.41,36.57,36.32,36.49,6155294.0,0.0,1.0,36.41,36.57,36.32,36.49,6155294.0
2017-11-22,36.7,36.715,36.36,36.45,16650130.0,0.0,1.0,36.7,36.715,36.36,36.45,16650130.0
2017-11-21,36.75,36.97,36.58,36.65,23986203.0,0.0,1.0,36.75,36.97,36.58,36.65,23986203.0
2017-11-20,35.93,36.54,35.93,36.5,26376364.0,0.0,1.0,35.93,36.54,35.93,36.5,26376364.0
2017-11-17,35.9,36.32,35.81,35.9,27106406.0,0.0,1.0,35.9,36.32,35.81,35.9,27106406.0
2017-11-16,36.04,36.67,35.83,35.88,59861205.0,0.0,1.0,36.04,36.67,35.83,35.88,59861205.0
2017-11-15,33.97,34.31,33.75,34.11,27797071.0,0.0,1.0,33.97,34.31,33.75,34.11,27797071.0
2017-11-14,33.86,34.16,33.8,34.04,15540925.0,0.0,1.0,33.86,34.16,33.8,34.04,15540925.0
2017-11-13,33.86,34.21,33.83,33.95,15608341.0,0.0,1.0,33.86,34.21,33.83,33.95,15608341.0
2017-11-10,34.06,34.09,33.67,33.99,19003147.0,0.0,1.0,34.06,34.09,33.67,33.99,19003147.0
2017-11-09,34.29,34.32,33.871,34.05,16266161.0,0.0,1.0,34.29,34.32,33.871,34.05,16266161.0
2017-11-07,34.32,34.48,34.2147,34.4,10980008.0,0.0,1.0,34.32,34.48,34.2147,34.4,10980008.0
2017-11-06,34.37,34.56,34.26,34.41,12725467.0,0.0,1.0,34.37,34.56,34.26,34.41,12725467.0
2017-11-03,34.28,34.49,34.0269,34.47,13293171.0,0.0,1.0,34.28,34.49,34.0269,34.47,13293171.0
2017-11-02,34.55,34.64,34.16,34.21,19647242.0,0.0,1.0,34.55,34.64,34.16,34.21,19647242.0
2017-11-01,34.29,34.75,34.28,34.62,21831973.0,0.0,1.0,34.29,34.75,34.28,34.62,21831973.0
2017-10-31,33.98,34.24,33.96,34.15,13544441.0,0.0,1.0,33.98,34.24,33.96,34.15,13544441.0
2017-10-30,34.32,34.38,33.8244,34.04,18241531.0,0.0,1.0,34.32,34.38,33.8244,34.04,18241531.0
2017-10-27,34.15,34.62,34.09,34.43,20237956.0,0.0,1.0,34.15,34.62,34.09,34.43,20237956.0
2017-10-26,34.41,34.51,34.07,34.27,14541155.0,0.0,1.0,34.41,34.51,34.07,34.27,14541155.0
2017-10-25,34.73,34.73,34.163000000000004,34.3,17012218.0,0.0,1.0,34.73,34.73,34.163000000000004,34.3,17012218.0
2017-10-24,34.4,34.675,34.25,34.58,15273905.0,0.0,1.0,34.4,34.675,34.25,34.58,15273905.0
2017-10-23,34.45,34.68,34.27,34.35,22490134.0,0.0,1.0,34.45,34.68,34.27,34.35,22490134.0
2017-10-20,34.02,34.39,34.01,34.25,24055347.0,0.0,1.0,34.02,34.39,34.01,34.25,24055347.0
2017-10-19,33.51,33.89,33.45,33.75,12928532.0,0.0,1.0,33.51,33.89,33.45,33.75,12928532.0
2017-10-18,33.72,33.75,33.44,33.55,9739887.0,0.0,1.0,33.72,33.75,33.44,33.55,9739887.0
2017-10-17,33.59,33.67,33.46,33.6,8633089.0,0.0,1.0,33.59,33.67,33.46,33.6,8633089.0
2017-10-16,33.6,33.64,33.47,33.54,10469019.0,0.0,1.0,33.6,33.64,33.47,33.54,10469019.0
2017-10-13,33.4,33.57,33.323,33.47,13451108.0,0.0,1.0,33.4,33.57,33.323,33.47,13451108.0
2017-10-12,33.26,33.46,33.17,33.26,17811160.0,0.0,1.0,33.26,33.46,33.17,33.26,17811160.0
2017-10-11,33.38,33.63,33.25,33.59,12353462.0,0.0,1.0,33.38,33.63,33.25,33.59,12353462.0
2017-10-10,33.88,33.91,33.47,33.55,17978700.0,0.0,1.0,33.88,33.91,33.47,33.55,17978700.0
2017-10-09,33.77,33.89,33.61,33.76,8684822.0,0.0,1.0,33.77,33.89,33.61,33.76,8684822.0
2017-10-06,33.65,33.78,33.5247,33.75,13438950.0,0.0,1.0,33.65,33.78,33.5247,33.75,13438950.0
2017-10-05,33.58,33.67,33.41,33.59,14301206.0,0.0,1.0,33.58,33.67,33.41,33.59,14301206.0
2017-10-04,33.53,33.56,33.29,33.44,14606016.0,0.29,1.0,33.53,33.56,33.29,33.44,14606016.0
2017-10-03,33.72,33.9,33.61,33.85,13159079.0,0.0,1.0,33.430085976875,33.608538393122004,33.321031722502,33.558968277498,13159079.0
2017-10-02,33.61,33.77,33.52,33.75,16443224.0,0.0,1.0,33.321031722502,33.479656092499,33.231805514379,33.45982804625,16443224.0
2017-09-29,33.31,33.67,33.24,33.63,14419404.0,0.0,1.0,33.023611028758005,33.380515861251,32.954212866884,33.340859768752,14419404.0
2017-09-28,33.22,33.46,33.22,33.35,14689819.0,0.0,1.0,32.934384820634,33.17232137563,32.934384820634,33.063267121257,14689819.0
2017-09-27,33.78,33.92,33.3037,33.48,21687593.0,0.0,1.0,33.489570115624,33.628366439371,33.017365194189,33.192149421879996,21687593.0
2017-09-26,33.76,34.1,33.67,33.76,25835270.0,0.0,1.0,33.469742069374,33.806818855618,33.380515861251,33.469742069374,25835270.0
2017-09-25,33.31,33.84,33.2,33.72,30475969.0,0.0,1.0,33.023611028758005,33.549054254373004,32.914556774385,33.430085976875,30475969.0
2017-09-22,32.66,33.53,32.64,33.37,27904695.0,0.0,1.0,32.379199525645,33.241719537504004,32.359371479395,33.083095167507,27904695.0
2017-09-21,32.72,32.9,32.5,32.7,19762651.0,0.0,1.0,32.438683664394,32.61713608064,32.220575155648,32.418855618144,19762651.0
2017-09-20,32.55,32.75,32.39,32.6,18701702.0,0.0,1.0,32.270145271272,32.468425733768,32.111520901275,32.319715386896,18701702.0
2017-09-19,32.46,32.65,32.395,32.49,12424056.0,0.0,1.0,32.180919063149,32.36928550252,32.116477912837,32.210661132523,12424056.0
2017-09-18,32.43,32.66,32.26,32.52,17035443.0,0.0,1.0,32.151176993774,32.379199525645,31.982638600652,32.240403201897,17035443.0
2017-09-15,32.2,32.5,32.12,32.44,27708447.0,0.0,1.0,31.923154461903,32.220575155648,31.843842276904997,32.161091016899,27708447.0
2017-09-14,31.91,32.22,31.91,32.19,17711003.0,0.0,1.0,31.635647791283997,31.942982508153,31.635647791283997,31.913240438779003,17711003.0
2017-09-13,32.34,32.39,31.96,32.18,21872095.0,0.0,1.0,32.061950785651,32.111520901275,31.685217906908,31.903326415654,21872095.0
2017-09-12,32.3,32.47,32.19,32.41,18510454.0,0.0,1.0,32.022294693151004,32.190833086272995,31.913240438779003,32.131348947523996,18510454.0
2017-09-11,31.71,32.3,31.67,32.205,21365590.0,0.0,1.0,31.437367328786998,32.022294693151004,31.397711236288,31.928111473466,21365590.0
2017-09-08,31.68,31.78,31.46,31.48,15115756.0,0.0,1.0,31.407625259413,31.506765490661,31.189516750667,31.209344796917,15115756.0
2017-09-07,31.96,31.97,31.74,31.76,14611809.0,0.0,1.0,31.685217906908,31.695131930033003,31.467109398162,31.486937444411996,14611809.0
2017-09-06,31.75,31.91,31.63,31.87,16380030.0,0.0,1.0,31.477023421286997,31.635647791283997,31.358055143789002,31.595991698783997,16380030.0
2017-09-05,32.15,32.245,31.455,31.62,24327663.0,0.0,1.0,31.873584346279003,31.967767565964998,31.184559739105,31.348141120664,24327663.0
2017-09-01,32.22,32.345,32.03,32.32,14661162.0,0.0,1.0,31.942982508153,32.066907797213,31.754616068782,32.042122739401,14661162.0
2017-08-31,32.1,32.34,31.99,32.21,27138172.0,0.0,1.0,31.824014230655,32.061950785651,31.714959976282,31.933068485028,27138172.0
2017-08-30,31.47,32.2,31.42,31.99,23028578.0,0.0,1.0,31.199430773792,31.923154461903,31.149860658168002,31.714959976282,23028578.0
2017-08-29,31.26,31.6299,31.19,31.48,16192694.0,0.0,1.0,30.991236288171,31.357956003558,30.921838126297,31.209344796917,16192694.0
2017-08-28,31.6,31.66,31.41,31.54,12747867.0,0.0,1.0,31.328313074414,31.387797213162997,31.139946635043,31.268828935665997,12747867.0
2017-08-25,31.39,31.8,31.36,31.44,19351094.0,0.0,1.0,31.120118588793,31.526593536911,31.090376519419,31.169688704417,19351094.0
2017-08-24,30.95,31.4,30.9,31.24,21867401.0,0.0,1.0,30.683901571302,31.130032611918,30.634331455677,30.971408241921,21867401.0
2017-08-23,31.21,31.4,30.91,30.92,22269978.0,0.0,1.0,30.941666172547002,31.130032611918,30.644245478802,30.654159501926998,22269978.0
2017-08-22,30.85,31.33,30.75,31.27,24438367.0,0.0,1.0,30.584761340053,31.060634450044,30.485621108805,31.001150311296,24438367.0
2017-08-21,30.37,30.795,30.36,30.68,24025228.0,0.0,1.0,30.108888230062,30.530234212866997,30.098974206936997,30.416222946932002,24025228.0
2017-08-18,31.0,31.06,30.36,30.37,34622147.0,0.0,1.0,30.733471686926,30.792955825674,30.098974206936997,30.108888230062,34622147.0
2017-08-17,31.49,31.77,30.85,31.04,51557052.0,0.0,1.0,31.219258820042,31.496851467536,30.584761340053,30.773127779425,51557052.0
2017-08-16,32.1,32.4652,32.06,32.34,27088237.0,0.0,1.0,31.824014230655,32.186074355173,31.784358138155998,32.061950785651,27088237.0
2017-08-15,31.85,32.21,31.84,32.09,24406258.0,0.0,1.0,31.576163652535,31.933068485028,31.56624962941,31.814100207529997,24406258.0
2017-08-14,31.69,31.89,31.56,31.84,21605411.0,0.0,1.0,31.417539282537998,31.615819745034,31.288656981915,31.56624962941,21605411.0
2017-08-11,31.23,31.545,31.04,31.47,20521935.0,0.0,1.0,30.961494218796002,31.273785947228,30.773127779425,31.199430773792,20521935.0
2017-08-10,31.56,31.56,31.0,31.0,22748854.0,0.0,1.0,31.288656981915,31.288656981915,30.733471686926,30.733471686926,22748854.0
2017-08-09,31.55,31.675,31.36,31.62,15931711.0,0.0,1.0,31.27874295879,31.402668247851,31.090376519419,31.348141120664,15931711.0
2017-08-08,31.75,32.0,31.6,31.67,13632423.0,0.0,1.0,31.477023421286997,31.724873999407002,31.328313074414,31.397711236288,13632423.0
2017-08-07,31.79,31.8799,31.69,31.84,11730203.0,0.0,1.0,31.516679513786002,31.605806581678,31.417539282537998,31.56624962941,11730203.0
2017-08-04,31.67,31.91,31.58,31.8,16322686.0,0.0,1.0,31.397711236288,31.635647791283997,31.308485028165002,31.526593536911,16322686.0
2017-08-03,31.59,31.72,31.43,31.56,13884046.0,0.0,1.0,31.31839905129,31.447281351911997,31.159774681293,31.288656981915,13884046.0
2017-08-02,31.57,31.57,31.25,31.52,15797711.0,0.0,1.0,31.298571005040003,31.298571005040003,30.981322265046,31.249000889416,15797711.0
2017-08-01,31.59,31.66,31.43,31.65,12727298.0,0.0,1.0,31.31839905129,31.387797213162997,31.159774681293,31.377883190039,12727298.0
2017-07-31,31.54,31.59,31.37,31.45,18534978.0,0.0,1.0,31.268828935665997,31.31839905129,31.100290542544,31.179602727542,18534978.0
2017-07-28,31.45,31.6,31.26,31.52,15509841.0,0.0,1.0,31.179602727542,31.328313074414,30.991236288171,31.249000889416,15509841.0
2017-07-27,31.73,31.7502,31.21,31.57,21224338.0,0.0,1.0,31.457195375037,31.477221701749002,30.941666172547002,31.298571005040003,21224338.0
2017-07-26,32.12,32.225,31.51,31.66,21472799.0,0.0,1.0,31.843842276904997,31.947939519715,31.239086866291,31.387797213162997,21472799.0
2017-07-25,31.9,32.25,31.88,32.12,14848920.0,0.0,1.0,31.625733768158998,31.972724577527,31.605905721909,31.843842276904997,14848920.0
2017-07-24,31.86,31.925,31.66,31.86,15232167.0,0.0,1.0,31.58607767566,31.650518825970998,31.387797213162997,31.58607767566,15232167.0
2017-07-21,31.86,32.03,31.705,31.84,13271427.0,0.0,1.0,31.58607767566,31.754616068782,31.432410317225,31.56624962941,13271427.0
2017-07-20,31.91,32.05,31.76,31.86,15917114.0,0.0,1.0,31.635647791283997,31.774444115031,31.486937444411996,31.58607767566,15917114.0
2017-07-19,31.51,32.05,31.46,31.9,21369697.0,0.0,1.0,31.239086866291,31.774444115031,31.189516750667,31.625733768158998,21369697.0
2017-07-18,31.41,31.51,31.17,31.51,15366450.0,0.0,1.0,31.139946635043,31.239086866291,30.902010080047003,31.239086866291,15366450.0
2017-07-17,31.5,31.635,31.45,31.5,16012951.0,0.0,1.0,31.229172843165998,31.363012155351,31.179602727542,31.229172843165998,16012951.0
2017-07-14,31.37,31.45,31.27,31.42,13261554.0,0.0,1.0,31.100290542544,31.179602727542,31.001150311296,31.149860658168002,13261554.0
2017-07-13,31.26,31.28,31.08,31.27,15870454.0,0.0,1.0,30.991236288171,31.01106433442,30.812783871924,31.001150311296,15870454.0
2017-07-12,31.25,31.44,31.145,31.16,18428809.0,0.0,1.0,30.981322265046,31.169688704417,30.877225022235,30.892096056923,18428809.0
2017-07-11,31.05,31.12,30.86,31.09,12253478.0,0.0,1.0,30.783041802550002,30.852439964423,30.594675363178002,30.822697895049,12253478.0
2017-07-10,30.88,31.09,30.82,30.98,15193572.0,0.0,1.0,30.614503409428,30.822697895049,30.555019270679,30.713643640675997,15193572.0
2017-07-07,30.76,31.07,30.75,30.9,15221015.0,0.0,1.0,30.495535131929998,30.802869848799,30.485621108805,30.634331455677,15221015.0
2017-07-06,30.99,31.02,30.67,30.725,20456451.0,0.0,1.0,30.723557663801,30.753299733175,30.406308923807,30.460836050993,20456451.0
2017-07-05,30.85,31.27,30.73,31.11,23391894.0,0.29,1.0,30.584761340053,31.001150311296,30.465793062556,30.842525941298998,23391894.0
2017-07-03,31.09,31.64,31.03,31.33,14111474.0,0.0,1.0,30.538029666082,31.078264993079,30.479094903137003,30.773768717863003,14111474.0
2017-06-30,31.79,31.79,31.3,31.3,22981379.0,0.0,1.0,31.225601900442,31.225601900442,30.744301336390006,30.744301336390006,22981379.0
2017-06-29,31.79,32.025,31.25,31.41,26891695.0,0.0,1.0,31.225601900442,31.456429721977,30.695189033936,30.852348401788998,26891695.0
2017-06-28,31.78,32.275,31.76,32.08,17587686.0,0.0,1.0,31.215779439951,31.701991234249,31.196134518969,31.510453254677,17587686.0
2017-06-27,32.09,32.26,31.76,31.76,23092594.0,0.0,1.0,31.520275715167998,31.687257543512,31.196134518969,31.196134518969,23092594.0
2017-06-26,32.22,32.5,32.18,32.24,21409287.0,0.0,1.0,31.647967701549,31.922996595293004,31.608677859586,31.667612622531,21409287.0
2017-06-23,31.85,32.3,31.75,32.1,23006424.0,0.0,1.0,31.284536663386998,31.726547385476,31.186312058479,31.530098175659,23006424.0
2017-06-22,31.91,32.0,31.7,31.85,19194637.0,0.0,1.0,31.343471426332002,31.43187357075,31.137199756024,31.284536663386998,19194637.0
2017-06-21,31.73,31.87,31.51,31.84,20103067.0,0.0,1.0,31.166667137497,31.304181584369,30.950573006697997,31.274714202896,20103067.0
2017-06-20,31.94,32.16,31.84,31.85,17859664.0,0.0,1.0,31.372938807805,31.589032938604003,31.274714202896,31.284536663386998,17859664.0
2017-06-19,31.77,32.02,31.581,31.99,16753701.0,0.0,1.0,31.205956979459994,31.451518491732003,31.020312476183,31.422051110258998,16753701.0
2017-06-16,31.61,31.64,31.2,31.6201,33785850.0,0.0,1.0,31.048797611607,31.078264993079,30.646076731481,31.058718296701997,33785850.0
2017-06-15,31.25,31.64,31.22,31.5801,19110962.0,0.0,1.0,30.695189033936,31.078264993079,30.665721652463002,31.019428454739,19110962.0
2017-06-14,31.87,31.97,31.33,31.6,24850713.0,0.0,1.0,31.304181584369,31.402406189278,30.773768717863003,31.038975151116,24850713.0
2017-06-13,31.3,31.8,31.28,31.7,27251001.0,0.0,1.0,30.744301336390006,31.235424360933,30.724656415408003,31.137199756024,27251001.0
2017-06-12,31.34,31.64,31.15,31.245,24330382.0,0.0,1.0,30.783591178353,31.078264993079,30.596964429027,30.690277803690005,24330382.0
2017-06-09,31.64,31.83,31.085,31.37,25031675.0,0.0,1.0,31.078264993079,31.264891742406,30.533118435836002,30.813058559826,25031675.0
2017-06-08,31.53,31.81,31.52,31.615,19877271.0,0.0,1.0,30.970217927679997,31.245246821423997,30.960395467189002,31.053708841852004,19877271.0
2017-06-07,31.61,31.72,31.44,31.61,14417549.0,0.0,1.0,31.048797611607,31.156844677006003,30.881815783262,31.048797611607,14417549.0
2017-06-06,31.75,31.76,31.5,31.56,15987734.0,0.0,1.0,31.186312058479,31.196134518969,30.940750546207,30.999685309152003,15987734.0
2017-06-05,32.05,32.05,31.57,31.76,15581429.0,0.0,1.0,31.480985873204002,31.480985873204002,31.009507769643,31.196134518969,15581429.0
2017-06-02,31.93,32.06,31.68,31.98,19978713.0,0.0,1.0,31.363116347314,31.490808333695,31.117554835043002,31.412228649768,19978713.0
2017-06-01,31.52,31.82,31.47,31.82,15397418.0,0.0,1.0,30.960395467189002,31.255069281915002,30.911283164734996,31.255069281915002,15397418.0
2017-05-31,31.78,31.89,31.465,31.53,29044645.0,0.0,1.0,31.215779439951,31.323826505351,30.906371934489,30.970217927679997,29044645.0
2017-05-30,31.4,31.81,31.39,31.68,16792437.0,0.0,1.0,30.842525941298998,31.245246821423997,30.832703480808,31.117554835043002,16792437.0
2017-05-26,31.51,31.59,31.36,31.5,16289783.0,0.0,1.0,30.950573006697997,31.029152690625,30.803236099335,30.940750546207,16289783.0
2017-05-25,31.55,31.69,31.37,31.44,21405376.0,0.0,1.0,30.989862848660998,31.127377295532998,30.813058559826,30.881815783262,21405376.0
2017-05-24,31.93,31.94,31.22,31.49,23279197.0,0.0,1.0,31.363116347314,31.372938807805,30.665721652463002,30.930928085716,23279197.0
2017-05-23,31.83,31.87,31.52,31.76,29564336.0,0.0,1.0,31.264891742406,31.304181584369,30.960395467189002,31.196134518969,29564336.0
2017-05-22,31.15,31.98,31.15,31.59,34678962.0,0.0,1.0,30.596964429027,31.412228649768,30.596964429027,31.029152690625,34678962.0
2017-05-19,31.74,31.78,31.015,31.21,38397740.0,0.0,1.0,31.176489597988,31.215779439951,30.464361212399997,30.655899191971997,38397740.0
2017-05-18,31.1,31.51,30.37,31.38,84684448.0,0.0,1.0,30.547852126573,30.950573006697997,29.830812510740003,30.822881020317002,84684448.0
2017-05-17,34.2,34.31,33.8,33.83,33638700.0,0.0,1.0,33.592814878739,33.700861944139,33.199916459105,33.229383840577,33638700.0
2017-05-16,34.24,34.33,34.035,34.3,18667713.0,0.0,1.0,33.632104720703,33.72050686512,33.43074428064,33.691039483648,18667713.0
2017-05-15,34.0,34.46,33.9723,34.23,30393357.0,0.0,1.0,33.396365668922,33.848198851502,33.369157453362,33.622282260212,30393357.0
2017-05-12,33.6,33.62,33.14,33.45,19979562.0,0.0,1.0,33.003467249288,33.023112170268995,32.551634066708004,32.856130341925,19979562.0
2017-05-11,33.72,33.82,33.48,33.63,16374518.0,0.0,1.0,33.121336775178,33.219561380087,32.885597723397005,33.032934630759996,16374518.0
2017-05-10,33.9,33.9,33.58,33.74,17203603.0,0.0,1.0,33.298141064013,33.298141064013,32.983822328306,33.14098169616,17203603.0
2017-05-09,34.14,34.255,33.84,33.9,18342556.0,0.0,1.0,33.533880115794,33.646838411439,33.239206301068,33.298141064013,18342556.0
2017-05-08,34.46,34.6,34.15,34.29,13121916.0,0.0,1.0,33.848198851502,33.985713298374,33.543702576285,33.681217023157004,13121916.0
2017-05-05,34.25,34.4,34.07,34.39,14632151.0,0.0,1.0,33.641927181193,33.789264088555996,33.465122892357996,33.779441628066,14632151.0
2017-05-04,34.33,34.49,34.07,34.18,13621120.0,0.0,1.0,33.72050686512,33.877666232974,33.465122892357996,33.573169957757,13621120.0
2017-05-03,34.16,34.335,34.12,34.25,14235734.0,0.0,1.0,33.553525036776,33.725418095366,33.514235194812,33.641927181193,14235734.0
2017-05-02,34.06,34.24,33.93,34.23,14139327.0,0.0,1.0,33.455300431867,33.632104720703,33.327608445486,33.622282260212,14139327.0
2017-05-01,34.11,34.14,33.81,33.965,13233720.0,0.0,1.0,33.504412734321,33.533880115794,33.209738919596,33.361987057204,13233720.0
2017-04-28,33.88,34.075,33.67,34.06,19738533.0,0.0,1.0,33.278496143032,33.470034122603,33.072224472724,33.455300431867,19738533.0
2017-04-27,34.01,34.11,33.62,33.75,26143530.0,0.0,1.0,33.406188129412996,33.504412734321,33.023112170268995,33.150804156651,26143530.0
2017-04-26,33.58,33.63,33.37,33.4,15558064.0,0.0,1.0,32.983822328306,33.032934630759996,32.777550657998,32.80701803947,15558064.0
2017-04-25,33.39,33.52,33.35,33.42,14823502.0,0.0,1.0,32.797195578979995,32.924887565361,32.757905737016,32.826662960452,14823502.0
2017-04-24,33.24,33.36,33.13,33.28,15379635.0,0.0,1.0,32.649858671617,32.767728197507,32.541811606216996,32.68914851358,15379635.0
2017-04-21,32.94,32.94,32.67,32.82,13877681.0,0.0,1.0,32.355184856891,32.355184856891,32.089978423638,32.237315331001,13877681.0
2017-04-20,32.79,32.95,32.72,32.83,11927466.0,0.0,1.0,32.207847949527995,32.365007317382,32.139090726092,32.247137791491,11927466.0
2017-04-19,32.8,32.89,32.61,32.65,16373804.0,0.0,1.0,32.217670410019004,32.306072554437,32.031043660693,32.070333502656005,16373804.0
2017-04-18,32.56,32.73,32.45,32.67,13349601.0,0.0,1.0,31.981931358238,32.148913186583,31.873884292838998,32.089978423638,13349601.0
2017-04-17,32.48,32.67,32.45,32.61,11961203.0,0.0,1.0,31.903351674311,32.089978423638,31.873884292838998,32.031043660693,11961203.0
2017-04-13,32.71,32.85,32.42,32.42,16234866.0,0.0,1.0,32.129268265601,32.266782712473,31.844416911366,31.844416911366,16234866.0
2017-04-12,32.86,32.96,32.5,32.62,25455074.0,0.0,1.0,32.276605172964004,32.374829777873,31.922996595293004,32.040866121183,25455074.0
2017-04-11,33.04,33.08,32.635,32.92,18945836.0,0.0,1.0,32.453409461799005,32.492699303763,32.05559981192,32.335539935909,18945836.0
2017-04-10,32.96,33.22,32.87,33.01,14824148.0,0.0,1.0,32.374829777873,32.630213750635,32.286427633455,32.423942080327,14824148.0
2017-04-07,33.1,33.15,32.92,32.96,13928166.0,0.0,1.0,32.512344224745,32.561456527199,32.335539935909,32.374829777873,13928166.0
2017-04-06,33.0,33.28,32.89,33.08,15316812.0,0.0,1.0,32.414119619836,32.68914851358,32.306072554437,32.492699303763,15316812.0
2017-04-05,33.49,33.53,32.97,33.0,17572539.0,0.0,1.0,32.895420183888,32.934710025852,32.384652238362996,32.414119619836,17572539.0
2017-04-04,33.25,33.42,32.93,33.41,18602627.0,0.29,1.0,32.659681132108,32.826662960452,32.3453623964,32.816840499960996,18602627.0
2017-04-03,33.7,33.94,33.46,33.58,19367794.0,0.0,1.0,32.816840499960996,33.050550936756004,32.583130063165996,32.699985281564004,19367794.0
2017-03-31,33.72,33.88,33.66,33.8,14038491.0,0.0,1.0,32.836316369693996,32.992123327558,32.777888760495,32.914219848626,14038491.0
2017-03-30,33.8,33.9255,33.72,33.74,12801588.0,0.0,1.0,32.914219848626,33.0364309312,32.836316369693996,32.855792239427,12801588.0
2017-03-29,34.0,34.05,33.65,33.74,16504103.0,0.0,1.0,33.108978545955,33.157668220287,32.768150825629,32.855792239427,16504103.0
2017-03-28,33.9,34.21,33.82,34.02,21179311.0,0.0,1.0,33.01159919729,33.313475178151,32.933695718359,33.128454415688,21179311.0
2017-03-27,33.82,34.03,33.75,33.99,17740630.0,0.0,1.0,32.933695718359,33.138192350554,32.865530174294,33.099240611089,17740630.0
2017-03-24,34.07,34.3,33.95,34.08,18125090.0,0.0,1.0,33.17714409002,33.401116591949,33.060288871623,33.186882024887,18125090.0
2017-03-23,34.08,34.26,33.91,33.96,16709307.0,0.0,1.0,33.186882024887,33.362164852483,33.021337132157,33.070026806489,16709307.0
2017-03-22,33.78,34.2,33.78,34.1,16646087.0,0.0,1.0,32.894743978893,33.303737243284004,32.894743978893,33.20635789462,16646087.0
2017-03-21,34.45,34.47,33.7801,33.88,21405952.0,0.0,1.0,33.547185614945995,33.566661484678995,32.894841358242005,32.992123327558,21405952.0
2017-03-20,34.2,34.385,34.2,34.28,14974096.0,0.0,1.0,33.303737243284004,33.483889038314,33.303737243284004,33.381640722216,14974096.0
2017-03-17,34.35,34.38,34.19,34.23,26787248.0,0.0,1.0,33.449806266281,33.47902007088,33.293999308418,33.332951047884,26787248.0
2017-03-16,34.25,34.48,34.1,34.23,14521636.0,0.0,1.0,33.352426917616,33.576399419545005,33.20635789462,33.332951047884,14521636.0
2017-03-15,34.07,34.35,34.05,34.24,14961684.0,0.0,1.0,33.17714409002,33.449806266281,33.157668220287,33.34268898275,14961684.0
2017-03-14,33.94,34.14,33.84,34.12,14578391.0,0.0,1.0,33.050550936756004,33.245309634085004,32.953171588092,33.225833764352004,14578391.0
2017-03-13,34.22,34.33,34.0,34.1,16164809.0,0.0,1.0,33.323213113017005,33.430330396548,33.108978545955,33.20635789462,16164809.0
2017-03-10,34.24,34.295,34.08,34.26,19038351.0,0.0,1.0,33.34268898275,33.396247624516,33.186882024887,33.362164852483,19038351.0
2017-03-09,34.04,34.11,33.87,34.07,17490190.0,0.0,1.0,33.147930285421,33.216095829486,32.982385392691,33.17714409002,17490190.0
2017-03-08,34.18,34.23,33.93,34.02,18686747.0,0.0,1.0,33.284261373551004,33.332951047884,33.04081300189,33.128454415688,18686747.0
2017-03-07,34.0,34.25,33.99,34.2,21033740.0,0.0,1.0,33.108978545955,33.352426917616,33.099240611089,33.303737243284004,21033740.0
2017-03-06,34.04,34.28,33.96,34.19,17605072.0,0.0,1.0,33.147930285421,33.381640722216,33.070026806489,33.293999308418,17605072.0
2017-03-03,34.42,34.44,34.23,34.29,14206428.0,0.0,1.0,33.517971810346,33.537447680079005,33.332951047884,33.391378657082,14206428.0
2017-03-02,34.41,34.53,34.21,34.39,16137699.0,0.0,1.0,33.50823387548,33.625089093877,33.313475178151,33.488758005747,16137699.0
2017-03-01,34.28,34.51,34.18,34.44,22754181.0,0.0,1.0,33.381640722216,33.605613224144,33.284261373551004,33.537447680079005,22754181.0
2017-02-28,34.16,34.2869,34.04,34.18,23093057.0,0.0,1.0,33.264785503818004,33.388359897274,33.147930285421,33.284261373551004,23093057.0
2017-02-27,34.21,34.32,34.12,34.26,15625416.0,0.0,1.0,33.313475178151,33.420592461682,33.225833764352004,33.362164852483,15625416.0
2017-02-24,33.98,34.32,33.8,34.32,21137311.0,0.0,1.0,33.089502676222,33.420592461682,32.914219848626,33.420592461682,21137311.0
2017-02-23,34.28,34.28,33.95,34.04,17450074.0,0.0,1.0,33.381640722216,33.381640722216,33.060288871623,33.147930285421,17450074.0
2017-02-22,34.04,34.1485,33.66,34.09,26632725.0,0.0,1.0,33.147930285421,33.253586878722,32.777888760495,33.196619959753,26632725.0
2017-02-21,33.69,34.21,33.66,34.13,26992666.0,0.0,1.0,32.807102565095,33.313475178151,32.777888760495,33.235571699219,26992666.0
2017-02-17,33.52,33.77,33.43,33.74,31841239.0,0.0,1.0,32.641557672364996,32.885006044026,32.553916258567,32.855792239427,31841239.0
2017-02-16,33.26,33.97,33.25,33.6,50143661.0,0.0,1.0,32.388371365837,33.079764741356,32.378633430971,32.719461151297004,50143661.0
2017-02-15,32.35,32.84,32.29,32.82,41169445.0,0.0,1.0,31.502219292990002,31.979378101446,31.443791683790998,31.959902231713,41169445.0
2017-02-14,31.9,32.31,31.77,32.31,31463500.0,0.0,1.0,31.064012223999,31.463267553524,30.937419070735,31.463267553524,31463500.0
2017-02-13,31.67,31.995,31.55,31.97,26518836.0,0.0,1.0,30.840039722070003,31.15652260523,30.723184503673,31.132177768063997,26518836.0
2017-02-10,31.48,31.63,31.24,31.51,21557725.0,0.0,1.0,30.655018959608,30.801087982605,30.421308522813,30.684232764207,21557725.0
2017-02-09,31.35,31.69,31.3,31.5,18706857.0,0.0,1.0,30.528425806344,30.859515591803003,30.479736132012,30.674494829341,18706857.0
2017-02-08,31.46,31.55,31.25,31.27,20434263.0,0.0,1.0,30.635543089875004,30.723184503673,30.431046457679,30.450522327412,20434263.0
2017-02-07,31.38,31.6399,31.33,31.45,18420153.0,0.0,1.0,30.557639610943,30.810728538122,30.508949936611,30.625805155008003,18420153.0
2017-02-06,31.29,31.305,31.12,31.3,16774244.0,0.0,1.0,30.469998197145,30.484605099444998,30.304453304415002,30.479736132012,16774244.0
2017-02-03,31.27,31.35,31.12,31.32,21288832.0,0.0,1.0,30.450522327412,30.528425806344,30.304453304415002,30.499212001744,21288832.0
2017-02-02,30.69,31.26,30.525,31.18,27456740.0,0.0,1.0,29.885722105158,30.440784392546,29.725046179861003,30.362880913614003,27456740.0
2017-02-01,30.846999999999998,30.846999999999998,30.42,30.5,19504565.0,0.0,1.0,30.038607682561,30.038607682561,29.622797863762997,29.700701342694998,19504565.0
2017-01-31,30.68,30.89,30.58,30.72,16603050.0,0.0,1.0,29.875984170290998,30.080480802487003,29.778604821627003,29.914935909757,16603050.0
2017-01-30,30.94,30.995,30.63,30.83,15481798.0,0.0,1.0,30.129170476819,30.182729118585,29.827294495959002,30.022053193288002,15481798.0
2017-01-27,30.76,30.98,30.63,30.98,18461937.0,0.0,1.0,29.953887649223,30.168122216285,29.827294495959002,30.168122216285,18461937.0
2017-01-26,30.76,30.84,30.56,30.74,20116824.0,0.0,1.0,29.953887649223,30.031791128154,29.759128951894002,29.934411779490002,20116824.0
2017-01-25,31.04,31.05,30.65,30.7,25095890.0,0.0,1.0,30.226549825484,30.23628776035,29.846770365692,29.895460040024,25095890.0
2017-01-24,30.34,30.75,30.29,30.6,24934210.0,0.0,1.0,29.544894384832002,29.944149714355998,29.496204710499,29.798080691359996,24934210.0
2017-01-23,30.14,30.3,30.085,30.27,17155297.0,0.0,1.0,29.350135687501997,29.505942645366,29.296577045737,29.476728840766,17155297.0
2017-01-20,30.12,30.25,30.0,30.1,22754366.0,0.0,1.0,29.330659817769998,29.457252971034002,29.213804599372,29.311183948036998,22754366.0
2017-01-19,30.01,30.19,29.915,29.98,16866005.0,0.0,1.0,29.223542534239,29.398825361834998,29.131032153007002,29.194328729639,16866005.0
2017-01-18,30.12,30.18,29.95,30.03,15724040.0,0.0,1.0,29.330659817769998,29.389087426968004,29.16511492504,29.243018403971,15724040.0
2017-01-17,30.0,30.25,29.84,29.99,21983537.0,0.0,1.0,29.213804599372,29.457252971034002,29.057997641508997,29.204066664506,21983537.0
2017-01-13,30.1,30.22,30.01,30.07,17136585.0,0.0,1.0,29.311183948036998,29.428039166434,29.223542534239,29.281970143437,17136585.0
2017-01-12,30.15,30.155,29.8,30.04,18611107.0,0.0,1.0,29.359873622368998,29.364742589802,29.019045902043,29.252756338838,18611107.0
2017-01-11,30.33,30.41,30.03,30.15,22291322.0,0.0,1.0,29.535156449965,29.613059928897,29.243018403971,29.359873622368998,22291322.0
2017-01-10,30.19,30.55,30.1,30.38,21046041.0,0.0,1.0,29.398825361834998,29.749391017027,29.311183948036998,29.583846124297,21046041.0
2017-01-09,30.22,30.33,30.08,30.18,17178503.0,0.0,1.0,29.428039166434,29.535156449965,29.291708078304,29.389087426968004,17178503.0
2017-01-06,30.17,30.35,30.03,30.23,15923243.0,0.0,1.0,29.379349492101998,29.554632319698,29.243018403971,29.437777101301,15923243.0
2017-01-05,30.1,30.355,30.07,30.17,18372532.0,0.0,1.0,29.311183948036998,29.559501287131,29.281970143437,29.379349492101998,18372532.0
2017-01-04,30.235,30.42,30.02,30.1,22280992.0,0.26,1.0,29.442646068734003,29.622797863762997,29.233280469105,29.311183948036998,22280992.0
2017-01-03,30.37,30.56,30.21,30.54,22370578.0,0.0,1.0,29.320838488204004,29.504274751383,29.166365845527,29.484965671049,22370578.0
2016-12-30,30.56,30.6,30.13,30.22,20190029.0,0.0,1.0,29.504274751383,29.542892912053,29.089129524188,29.176020385694,20190029.0
2016-12-29,30.37,30.55,30.33,30.46,10995584.0,0.0,1.0,29.320838488204004,29.494620211216002,29.282220327535,29.407729349709996,10995584.0
2016-12-28,30.7,30.77,30.35,30.42,12022231.0,0.0,1.0,29.639438313726,29.707020094896997,29.301529407869,29.369111189041,12022231.0
2016-12-27,30.64,30.82,30.6,30.68,14175488.0,0.0,1.0,29.581511072722,29.755292795734,29.542892912053,29.620129233390998,14175488.0
2016-12-23,30.54,30.6,30.4,30.53,9167598.0,0.0,1.0,29.484965671049,29.542892912053,29.349802108706,29.475311130881,9167598.0
2016-12-22,30.4,30.48,30.25,30.46,12935767.0,0.0,1.0,29.349802108706,29.427038430045,29.204984006196,29.407729349709996,12935767.0
2016-12-21,30.69,30.69,30.41,30.42,14488949.0,0.0,1.0,29.629783773558998,29.629783773558998,29.359456648873,29.369111189041,14488949.0
2016-12-20,30.83,30.87,30.455,30.56,17475171.0,0.0,1.0,29.764947335901,29.803565496571004,29.402902079626003,29.504274751383,17475171.0
2016-12-19,30.65,30.87,30.535,30.75,18178470.0,0.0,1.0,29.591165612889,29.803565496571004,29.480138400965,29.687711014562996,18178470.0
2016-12-16,30.7,30.72,30.2705,30.59,45875473.0,0.0,1.0,29.639438313726,29.658747394061,29.224775813539,29.533238371885,45875473.0
2016-12-15,30.59,30.8,30.505,30.63,20914063.0,0.0,1.0,29.533238371885,29.735983715398998,29.451174780463,29.571856532555,20914063.0
2016-12-14,30.6,31.065,30.41,30.46,27555980.0,0.0,1.0,29.542892912053,29.991829029833998,29.359456648873,29.407729349709996,27555980.0
2016-12-13,30.3,30.64,30.2,30.59,25052903.0,0.0,1.0,29.253256707033,29.581511072722,29.156711305359,29.533238371885,25052903.0
2016-12-12,30.08,30.2,30.025,30.17,17287809.0,0.0,1.0,29.040856823351003,29.156711305359,28.987756852431,29.127747684857002,17287809.0
2016-12-09,29.98,30.07,29.73,30.06,21361984.0,0.0,1.0,28.944311421677998,29.031202283183998,28.702947917494,29.021547743017003,21361984.0
2016-12-08,30.11,30.33,29.92,29.95,21369897.0,0.0,1.0,29.069820443853,29.282220327535,28.886384180674,28.915347801176,21369897.0
2016-12-07,29.48,30.04,29.32,29.95,30180093.0,0.0,1.0,28.461584413311,29.002238662682,28.307111770634,28.915347801176,30180093.0
2016-12-06,29.42,29.59,29.24,29.33,27352068.0,0.0,1.0,28.403657172307,28.567784355152,28.229875449295,28.316766310801,27352068.0
2016-12-05,29.33,29.6,29.29,29.53,20865842.0,0.0,1.0,28.316766310801,28.577438895319,28.278148150131997,28.509857114148,20865842.0
2016-12-02,29.31,29.56,29.12,29.25,27069499.0,0.0,1.0,28.297457230465998,28.538820734650002,28.114020967287,28.239529989462,27069499.0
2016-12-01,29.84,29.85,29.4,29.45,25996185.0,0.0,1.0,28.809147859335,28.818802399502,28.384348091971997,28.432620792809,25996185.0
2016-11-30,29.76,29.95,29.68,29.82,26224892.0,0.0,1.0,28.731911537996,28.915347801176,28.654675216658,28.789838779,26224892.0
2016-11-29,29.94,30.1,29.79,29.83,23553735.0,0.0,1.0,28.905693261008,29.060165903686,28.760875158498003,28.799493319168,23553735.0
2016-11-28,30.08,30.09,29.82,29.92,21468918.0,0.0,1.0,29.040856823351003,29.050511363519,28.789838779,28.886384180674,21468918.0
2016-11-25,29.6,30.145,29.55,30.09,17678862.0,0.0,1.0,28.577438895319,29.103611334439,28.529166194482002,29.050511363519,17678862.0
2016-11-23,29.83,29.95,29.56,29.71,24496763.0,0.0,1.0,28.799493319168,28.915347801176,28.538820734650002,28.683638837159997,24496763.0
2016-11-22,30.08,30.19,29.85,29.89,26769272.0,0.0,1.0,29.040856823351003,29.147056765191998,28.818802399502,28.857420560172,26769272.0
2016-11-21,30.3,30.33,30.01,30.05,27481710.0,0.0,1.0,29.253256707033,29.282220327535,28.97327504218,29.011893202849002,27481710.0
2016-11-18,30.11,30.36,30.005,30.18,38748563.0,0.0,1.0,29.069820443853,29.311183948036998,28.968447772096,29.137402225025,38748563.0
2016-11-17,29.91,30.05,29.61,30.05,75252307.0,0.0,1.0,28.876729640506,29.011893202849002,28.587093435486,29.011893202849002,75252307.0
2016-11-16,31.62,31.89,31.51,31.57,27097140.0,0.0,1.0,30.527656009121,30.788328593639,30.421456067279998,30.479383308284003,27097140.0
2016-11-15,31.27,31.85,31.27,31.7,24160155.0,0.0,1.0,30.189747103263997,30.749710432969998,30.189747103263997,30.604892330459997,24160155.0
2016-11-14,31.43,31.67,31.35,31.37,22917565.0,0.0,1.0,30.344219745942002,30.575928709958,30.266983424603,30.286292504938,22917565.0
2016-11-11,30.93,31.47,30.92,31.36,23150319.0,0.0,1.0,29.861492737575002,30.382837906610998,29.851838197408,30.276637964770003,23150319.0
2016-11-10,31.41,31.76,30.81,31.0,38345220.0,0.0,1.0,30.324910665607,30.662819571464,29.745638255567002,29.929074518746,38345220.0
2016-11-09,31.04,31.49,30.7,31.36,38564143.0,0.0,1.0,29.967692679415997,30.402146986946,29.639438313726,30.276637964770003,38564143.0
2016-11-08,30.94,31.195,30.725,31.0,19399814.0,0.0,1.0,29.871147277742,30.117338052009,29.663574664144,29.929074518746,19399814.0
2016-11-07,30.71,31.06,30.61,30.94,23061116.0,0.0,1.0,29.649092853893,29.987001759749997,29.55254745222,29.871147277742,23061116.0
2016-11-04,29.98,30.495,29.63,30.19,18524002.0,0.0,1.0,28.944311421677998,29.441520240296,28.606402515821,29.147056765191998,18524002.0
2016-11-03,30.5,30.56,30.24,30.32,15937140.0,0.0,1.0,29.446347510379,29.504274751383,29.195329466029,29.272565787367,15937140.0
2016-11-02,30.43,30.68,30.23,30.39,19173984.0,0.0,1.0,29.378765729208002,29.620129233390998,29.185674925861,29.340147568539,19173984.0
2016-11-01,30.85,30.86,30.23,30.48,17542055.0,0.0,1.0,29.784256416236,29.793910956403998,29.185674925861,29.427038430045,17542055.0
2016-10-31,30.34,30.77,30.32,30.68,23225406.0,0.0,1.0,29.291874867702,29.707020094896997,29.272565787367,29.620129233390998,23225406.0
2016-10-28,30.36,30.8,30.35,30.59,19946832.0,0.0,1.0,29.311183948036998,29.735983715398998,29.301529407869,29.533238371885,19946832.0
2016-10-27,30.595,30.67,30.355,30.38,16926192.0,0.0,1.0,29.538065641969,29.610474693224003,29.306356677953,29.330493028371,16926192.0
2016-10-26,30.59,30.86,30.32,30.55,18008646.0,0.0,1.0,29.533238371885,29.793910956403998,29.272565787367,29.494620211216002,18008646.0
2016-10-25,30.5,30.51,30.23,30.34,15257768.0,0.0,1.0,29.446347510379,29.456002050547,29.185674925861,29.291874867702,15257768.0
2016-10-24,30.3405,30.5,30.3,30.46,14115340.0,0.0,1.0,29.292357594709998,29.446347510379,29.253256707033,29.407729349709996,14115340.0
2016-10-21,30.01,30.2,29.92,30.15,15140452.0,0.0,1.0,28.97327504218,29.156711305359,28.886384180674,29.108438604523002,15140452.0
2016-10-20,30.28,30.3736,30.04,30.16,17315335.0,0.0,1.0,29.233947626697997,29.324314122664,29.002238662682,29.118093144690004,17315335.0
2016-10-19,30.44,30.45,30.19,30.35,14830895.0,0.0,1.0,29.388420269375,29.398074809543,29.147056765191998,29.301529407869,14830895.0
2016-10-18,30.69,30.69,30.43,30.44,14444850.0,0.0,1.0,29.629783773558998,29.629783773558998,29.378765729208002,29.388420269375,14444850.0
2016-10-17,30.13,30.42,30.1,30.22,13957529.0,0.0,1.0,29.089129524188,29.369111189041,29.060165903686,29.176020385694,13957529.0
2016-10-14,30.35,30.55,30.16,30.18,20545127.0,0.0,1.0,29.301529407869,29.494620211216002,29.118093144690004,29.137402225025,20545127.0
2016-10-13,30.09,30.25,29.86,30.17,24286555.0,0.0,1.0,29.050511363519,29.204984006196,28.82845693967,29.127747684857002,24286555.0
2016-10-12,30.53,30.63,29.94,30.34,36899871.0,0.0,1.0,29.475311130881,29.571856532555,28.905693261008,29.291874867702,36899871.0
2016-10-11,31.52,31.53,30.85,31.04,19412018.0,0.0,1.0,30.431110607448,30.440765147615,29.784256416236,29.967692679415997,19412018.0
2016-10-10,31.54,31.68,31.44,31.47,12759374.0,0.0,1.0,30.450419687782002,30.585583250124998,30.353874286109,30.382837906610998,12759374.0
2016-10-07,31.48,31.6,31.23,31.47,13073224.0,0.0,1.0,30.392492446778,30.508346928786,30.151128942595,30.382837906610998,13073224.0
2016-10-06,31.57,31.63,31.21,31.48,14077118.0,0.0,1.0,30.479383308284003,30.537310549288,30.13181986226,30.392492446778,14077118.0
2016-10-05,31.41,31.68,31.41,31.59,11808636.0,0.0,1.0,30.324910665607,30.585583250124998,30.324910665607,30.498692388619,11808636.0
2016-10-04,31.46,31.63,31.15,31.35,18460433.0,0.0,1.0,30.373183366444,30.537310549288,30.073892621256,30.266983424603,18460433.0
2016-10-03,31.31,31.58,31.2,31.5,14070450.0,0.26,1.0,30.228365263934002,30.489037848452,30.122165322093,30.411801527113,14070450.0
2016-09-30,31.61,31.8,31.56,31.72,30380612.0,0.0,1.0,30.268168963226,30.45010354415,30.220291441929998,30.373499510075998,30380612.0
2016-09-29,31.51,31.57,31.25,31.39,15417082.0,0.0,1.0,30.172413920633996,30.229866946189,29.923450809896003,30.057507869524002,15417082.0
2016-09-28,31.44,31.59,31.3624,31.5,15840958.0,0.0,1.0,30.105385390820004,30.249017954706996,30.031079477768998,30.162838416375,15840958.0
2016-09-27,31.09,31.61,30.96,31.48,18045376.0,0.0,1.0,29.770242741749,30.268168963226,29.64576118638,30.143687407856003,18045376.0
2016-09-26,31.1,31.16,30.79,31.07,20361549.0,0.0,1.0,29.779818246008002,29.837271271563,29.482977613974,29.751091733231,20361549.0
2016-09-23,31.71,31.8,31.31,31.34,20442199.0,0.0,1.0,30.363924005816997,30.45010354415,29.980903835451002,30.009630348228,20442199.0
2016-09-22,31.5,31.8,31.49,31.66,20261859.0,0.0,1.0,30.162838416375,30.45010354415,30.153262912116,30.316046484521,20261859.0
2016-09-21,31.11,31.38,30.97,31.36,21169350.0,0.0,1.0,29.789393750267,30.047932365265,29.655336690639,30.028781356746002,21169350.0
2016-09-20,31.08,31.22,31.04,31.1,15878912.0,0.0,1.0,29.76066723749,29.894724297118,29.722365220453,29.779818246008002,15878912.0
2016-09-19,30.85,31.25,30.82,31.02,16833453.0,0.0,1.0,29.540430639529,29.923450809896003,29.511704126751,29.703214211935002,16833453.0
2016-09-16,31.12,31.14,30.7,30.84,37416316.0,0.0,1.0,29.798969254526,29.818120263045,29.396798075640998,29.53085513527,37416316.0
2016-09-15,30.63,31.39,30.61,31.31,26021227.0,0.0,1.0,29.329769545827,30.057507869524002,29.310618537308997,29.980903835451002,26021227.0
2016-09-14,31.01,31.225,30.805,31.0,24356477.0,0.0,1.0,29.693638707676,29.899512049248,29.497340870363,29.684063203416,24356477.0
2016-09-13,31.26,31.35,30.9,31.06,23617915.0,0.0,1.0,29.933026314155,30.019205852487,29.588308160825,29.741516228971,23617915.0
2016-09-12,30.61,31.495,30.6,31.44,22612518.0,0.0,1.0,29.310618537308997,30.158050664245,29.30104303305,30.105385390820004,22612518.0
2016-09-09,31.14,31.34,30.85,30.85,25450499.0,0.0,1.0,29.818120263045,30.009630348228,29.540430639529,29.540430639529,25450499.0
2016-09-08,31.72,31.75,31.415,31.47,19913699.0,0.0,1.0,30.373499510075998,30.402226022854,30.081446630172,30.134111903597002,19913699.0
2016-09-07,31.79,31.9336,31.75,31.79,14050458.0,0.0,1.0,30.440528039891,30.578032281052,30.402226022854,30.440528039891,14050458.0
2016-09-06,31.93,31.94,31.7,31.87,17656515.0,0.0,1.0,30.574585099519002,30.584160603778,30.354348501558,30.517132073964,17656515.0
2016-09-02,31.65,31.95,31.65,31.83,18156539.0,0.0,1.0,30.306470980262,30.593736108037,30.306470980262,30.478830056927,18156539.0
2016-09-01,31.42,31.64,31.26,31.58,15980457.0,0.0,1.0,30.086234382301,30.296895476002998,29.933026314155,30.239442450448,15980457.0
2016-08-31,31.45,31.58,31.25,31.44,20418762.0,0.0,1.0,30.114960895079,30.239442450448,29.923450809896003,30.105385390820004,20418762.0
2016-08-30,31.61,31.66,31.4144,31.54,17794797.0,0.0,1.0,30.268168963226,30.316046484521,30.080872099916,30.201140433411002,17794797.0
2016-08-29,31.43,31.7,31.41,31.58,21101729.0,0.0,1.0,30.095809886560996,30.354348501558,30.076658878042,30.239442450448,21101729.0
2016-08-26,31.34,31.66,31.19,31.35,21106152.0,0.0,1.0,30.009630348228,30.316046484521,29.865997784341,30.019205852487,21106152.0
2016-08-25,31.06,31.39,31.02,31.29,22917124.0,0.0,1.0,29.741516228971,30.057507869524002,29.703214211935002,29.961752826932003,22917124.0
2016-08-24,30.98,31.2,30.95,31.06,24474730.0,0.0,1.0,29.664912194898,29.875573288600002,29.636185682121,29.741516228971,24474730.0
2016-08-23,30.83,31.06,30.79,30.98,23493605.0,0.0,1.0,29.521279631010998,29.741516228971,29.482977613974,29.664912194898,23493605.0
2016-08-22,30.44,30.78,30.37,30.63,28680009.0,0.0,1.0,29.147834964903,29.473402109715,29.080806435089002,29.329769545827,28680009.0
2016-08-19,30.37,30.65,30.24,30.52,25131345.0,0.0,1.0,29.080806435089002,29.348920554345998,28.95632487972,29.224438998976,25131345.0
2016-08-18,30.41,30.67,30.06,30.48,48710491.0,0.0,1.0,29.119108452126003,29.368071562864,28.783965803055,29.186136981940002,48710491.0
2016-08-17,30.97,30.9701,30.33,30.72,55071218.0,0.0,1.0,29.655336690639,29.655432445682003,29.042504418052,29.415949084159998,55071218.0
2016-08-16,31.22,31.23,30.98,31.12,23399686.0,0.0,1.0,29.894724297118,29.904299801377,29.664912194898,29.798969254526,23399686.0
2016-08-15,30.98,31.24,30.89,31.19,21944655.0,0.0,1.0,29.664912194898,29.913875305636,29.578732656566,29.865997784341,21944655.0
2016-08-12,30.92,30.99,30.8,30.87,13430558.0,0.0,1.0,29.607459169343,29.674487699156998,29.492553118232998,29.559581648047,13430558.0
2016-08-11,30.95,31.02,30.86,30.95,24020927.0,0.0,1.0,29.636185682121,29.703214211935002,29.550006143788,29.636185682121,24020927.0
2016-08-10,31.01,31.13,30.74,30.85,16684321.0,0.0,1.0,29.693638707676,29.808544758786002,29.435100092678,29.540430639529,16684321.0
2016-08-09,31.11,31.245,30.84,30.94,19159495.0,0.0,1.0,29.789393750267,29.918663057766,29.53085513527,29.626610177861,19159495.0
2016-08-08,31.0,31.19,30.86,31.01,19019941.0,0.0,1.0,29.684063203416,29.865997784341,29.550006143788,29.693638707676,19019941.0
2016-08-05,30.9,31.07,30.69,31.04,18873294.0,0.0,1.0,29.588308160825,29.751091733231,29.387222571381997,29.722365220453,18873294.0
2016-08-04,30.78,30.91,30.71,30.8,18586492.0,0.0,1.0,29.473402109715,29.597883665083998,29.406373579901,29.492553118232998,18586492.0
2016-08-03,30.51,30.74,30.51,30.72,15962464.0,0.0,1.0,29.214863494717,29.435100092678,29.214863494717,29.415949084159998,15962464.0
2016-08-02,30.82,30.82,30.395,30.62,24485208.0,0.0,1.0,29.511704126751,29.511704126751,29.104745195737,29.320194041567998,24485208.0
2016-08-01,30.7,30.75,30.36,30.73,22438722.0,0.0,1.0,29.396798075640998,29.444675596937,29.071230930829998,29.425524588418998,22438722.0
2016-07-29,30.6,30.69,30.47,30.53,23807196.0,0.0,1.0,29.30104303305,29.387222571381997,29.176561477681,29.234014503235997,23807196.0
2016-07-28,30.65,30.74,30.37,30.52,22470486.0,0.0,1.0,29.348920554345998,29.435100092678,29.080806435089002,29.224438998976,22470486.0
2016-07-27,30.95,30.97,30.66,30.76,22722970.0,0.0,1.0,29.636185682121,29.655336690639,29.358496058605,29.454251101195997,22722970.0
2016-07-26,30.8,31.15,30.71,30.88,21328211.0,0.0,1.0,29.492553118232998,29.827695767304,29.406373579901,29.569157152305998,21328211.0
2016-07-25,30.67,30.83,30.63,30.79,15174158.0,0.0,1.0,29.368071562864,29.521279631010998,29.329769545827,29.482977613974,15174158.0
2016-07-22,30.7,30.87,30.54,30.71,19399558.0,0.0,1.0,29.396798075640998,29.559581648047,29.243590007494998,29.406373579901,19399558.0
2016-07-21,30.64,30.72,30.37,30.58,21582727.0,0.0,1.0,29.339345050086003,29.415949084159998,29.080806435089002,29.281892024531,21582727.0
2016-07-20,30.04,30.69,29.98,30.63,50168804.0,0.0,1.0,28.764814794536,29.387222571381997,28.707361768981,29.329769545827,50168804.0
2016-07-19,29.91,30.01,29.77,29.92,18515957.0,0.0,1.0,28.640333239167,28.736088281759,28.506276179539,28.649908743426,18515957.0
2016-07-18,29.75,29.995,29.74,29.91,17484874.0,0.0,1.0,28.487125171021,28.721725025370002,28.477549666760996,28.640333239167,17484874.0
2016-07-15,29.93,29.95,29.66,29.82,17800449.0,0.0,1.0,28.659484247686,28.678635256204,28.400945632687996,28.554153700835,17800449.0
2016-07-14,29.84,29.99,29.64,29.76,19332194.0,0.0,1.0,28.573304709353,28.716937273241,28.381794624170002,28.49670067528,19332194.0
2016-07-13,29.72,29.83,29.58,29.75,18038066.0,0.0,1.0,28.458398658243,28.563729205094,28.324341598614996,28.487125171021,18038066.0
2016-07-12,29.72,29.74,29.52,29.61,22157542.0,0.0,1.0,28.458398658243,28.477549666760996,28.266888573059997,28.353068111392002,22157542.0
2016-07-11,29.34,29.7,29.26,29.43,22045219.0,0.0,1.0,28.094529496395,28.439247649724997,28.017925462321,28.180709034727002,22045219.0
2016-07-08,28.91,29.28,28.88,29.26,24647376.0,0.0,1.0,27.682782813251,28.037076470840002,27.654056300473,28.017925462321,24647376.0
2016-07-07,28.72,28.9,28.61,28.74,17395408.0,0.0,1.0,27.500848232326003,27.673207308991,27.395517685475998,27.519999240845,17395408.0
2016-07-06,28.45,28.77,28.17,28.72,24844038.0,0.0,1.0,27.242309617329003,27.548725753621998,26.974195498072,27.500848232326003,24844038.0
2016-07-05,28.23,28.615,28.22,28.33,22116898.0,0.26,1.0,27.031648523627,27.400305437605,27.022073019368,27.127403566219,22116898.0
2016-07-01,28.78,28.93,28.59,28.8,20901306.0,0.0,1.0,27.307683617901002,27.450009974492,27.127403566219,27.326660465446,20901306.0
2016-06-30,28.38,28.69,28.07,28.69,25184399.0,0.0,1.0,26.928146666992003,27.222287803946,26.634005530036998,27.222287803946,25184399.0
2016-06-29,28.13,28.33,27.9,28.26,25592961.0,0.0,1.0,26.690936072674,26.880704548127998,26.472702325900997,26.814285581719,25592961.0
2016-06-28,27.55,27.85,27.5,27.79,24646939.0,0.0,1.0,26.140607493856002,26.425260207037002,26.093165374991997,26.368329664401003,24646939.0
2016-06-27,27.48,27.55,27.13,27.31,30293961.0,0.0,1.0,26.074188527447,26.140607493856002,25.742093695401,25.91288532331,30293961.0
2016-06-24,28.16,28.57,27.7,27.75,44408897.0,0.0,1.0,26.719401343992,27.108426718674,26.282933850446,26.33037596931,44408897.0
2016-06-23,29.03,29.225,28.96,29.22,19415601.0,0.0,1.0,27.544894212219,27.729918475787002,27.47847524581,27.725174263901,19415601.0
2016-06-22,28.87,29.08,28.68,28.72,18273261.0,0.0,1.0,27.393079431855,27.592336331082002,27.212799380173003,27.250753075264,18273261.0
2016-06-21,28.97,29.0,28.73,28.77,19098634.0,0.0,1.0,27.487963669582,27.516428940900997,27.260241499036997,27.298195194128,19098634.0
2016-06-20,29.04,29.22,28.78,28.8,22100840.0,0.0,1.0,27.554382635992,27.725174263901,27.307683617901002,27.326660465446,22100840.0
2016-06-17,28.88,29.0,28.69,28.95,32333507.0,0.0,1.0,27.402567855628,27.516428940900997,27.222287803946,27.468986822037,32333507.0
2016-06-16,28.38,28.92,28.37,28.87,17504145.0,0.0,1.0,26.928146666992003,27.440521550718998,26.918658243219,27.393079431855,17504145.0
2016-06-15,28.49,28.86,28.405,28.65,30738577.0,0.0,1.0,27.032519328491997,27.383591008083002,26.951867726424,27.184334108855,30738577.0
2016-06-14,28.66,29.0,28.63,28.96,19279705.0,0.0,1.0,27.193822532628,27.516428940900997,27.16535726131,27.47847524581,19279705.0
2016-06-13,28.97,29.19,28.82,28.84,17181950.0,0.0,1.0,27.487963669582,27.696708992582003,27.345637312992,27.364614160537,17181950.0
2016-06-10,28.79,29.03,28.77,29.03,18244220.0,0.0,1.0,27.317172041673004,27.544894212219,27.298195194128,27.544894212219,18244220.0
2016-06-09,28.97,29.19,28.83,29.14,18349875.0,0.0,1.0,27.487963669582,27.696708992582003,27.355125736764002,27.649266873719,18349875.0
2016-06-08,29.09,29.27,29.06,29.14,17772913.0,0.0,1.0,27.601824754855,27.772616382764,27.573359483537,27.649266873719,17772913.0
2016-06-07,28.9,29.35,28.82,29.07,21566590.0,0.0,1.0,27.421544703172998,27.848523772946,27.345637312992,27.58284790731,21566590.0
2016-06-06,29.07,29.41,29.06,29.1,16167119.0,0.0,1.0,27.58284790731,27.905454315582,27.573359483537,27.611313178628002,16167119.0
2016-06-03,29.13,29.21,28.9,29.13,18677663.0,0.0,1.0,27.639778449945997,27.715685840128003,27.421544703172998,27.639778449945997,18677663.0
2016-06-02,28.98,29.15,28.92,29.08,19538178.0,0.0,1.0,27.497452093354998,27.658755297492,27.440521550718998,27.592336331082002,19538178.0
2016-06-01,28.84,29.04,28.8,28.9,22268672.0,0.0,1.0,27.364614160537,27.554382635992,27.326660465446,27.421544703172998,22268672.0
2016-05-31,28.8,29.08,28.76,29.05,28606274.0,0.0,1.0,27.326660465446,27.592336331082002,27.288706770355,27.563871059764,28606274.0
2016-05-27,28.95,29.035,28.79,28.92,16673324.0,0.0,1.0,27.468986822037,27.549638424105,27.317172041673004,27.440521550718998,16673324.0
2016-05-26,28.86,29.04,28.795,28.9,19366299.0,0.0,1.0,27.383591008083002,27.554382635992,27.321916253559998,27.421544703172998,19366299.0
2016-05-25,28.58,29.0,28.52,28.92,25729908.0,0.0,1.0,27.117915142445998,27.516428940900997,27.06098459981,27.440521550718998,25729908.0
2016-05-24,28.01,28.58,28.01,28.47,26514828.0,0.0,1.0,26.577074987400998,27.117915142445998,26.577074987400998,27.013542480946,26514828.0
2016-05-23,27.78,28.25,27.78,27.94,19850040.0,0.0,1.0,26.358841240628,26.804797157946002,26.358841240628,26.510656020992,19850040.0
2016-05-20,27.63,28.15,27.62,27.97,32703020.0,0.0,1.0,26.216514884037,26.709912920219,26.207026460265002,26.53912129231,32703020.0
2016-05-19,27.99,28.29,27.4,27.57,50174629.0,0.0,1.0,26.558098139856,26.842750853037,25.998281137265,26.159584341401,50174629.0
2016-05-18,26.61,26.96,26.485,26.72,32345484.0,0.0,1.0,25.24869565922,25.580790491265002,25.13009036206,25.35306832072,32345484.0
2016-05-17,26.9,27.0601,26.55,26.65,25921302.0,0.0,1.0,25.523859948629,25.67576961323,25.191765116583,25.28664935431,25921302.0
2016-05-16,26.5705,27.12,26.56,26.97,20885902.0,0.0,1.0,25.211216385317,25.732605271628,25.201253540356003,25.590278915038,20885902.0
2016-05-13,26.55,26.89,26.46,26.53,20865075.0,0.0,1.0,25.191765116583,25.514371524856,25.106369302629,25.172788269038,20865075.0
2016-05-12,26.81,26.81,26.41,26.67,19681858.0,0.0,1.0,25.438464134674,25.438464134674,25.058927183765,25.305626201855997,19681858.0
2016-05-11,27.09,27.11,26.68,26.7,19326132.0,0.0,1.0,25.70414000031,25.723116847856,25.315114625629,25.334091473174,19326132.0
2016-05-10,26.67,27.1,26.51,27.03,22642488.0,0.0,1.0,25.305626201855997,25.713628424082998,25.153811421491998,25.647209457674,22642488.0
2016-05-09,26.52,26.68,26.39,26.51,16990396.0,0.0,1.0,25.163299845265,25.315114625629,25.039950336220002,25.153811421491998,16990396.0
2016-05-06,26.19,26.535,25.805,26.53,25625273.0,0.0,1.0,24.850181860764998,25.177532480924,24.484877545514998,25.172788269038,25625273.0
2016-05-05,26.455,26.57,26.21,26.21,23082199.0,0.0,1.0,25.101625090742,25.210741964129,24.869158708311,24.869158708311,23082199.0
2016-05-04,26.8,26.82,26.28,26.44,32850814.0,0.0,1.0,25.428975710901,25.447952558447,24.93557767472,25.087392455083,32850814.0
2016-05-03,27.16,27.19,26.61,26.86,35319600.0,0.0,1.0,25.770558966718998,25.799024238038,25.24869565922,25.485906253537998,35319600.0
2016-05-02,27.48,27.52,27.2,27.37,27361670.0,0.0,1.0,26.074188527447,26.112142222537,25.808512661810003,25.969815865946998,27361670.0
2016-04-29,27.72,27.83,27.14,27.49,33890149.0,0.0,1.0,26.301910697992,26.406283359492,25.751582119174,26.083676951219,33890149.0
2016-04-28,28.45,28.59,27.79,27.96,29616182.0,0.0,1.0,26.994565633401,27.127403566219,26.368329664401003,26.529632868537,29616182.0
2016-04-27,28.44,28.65,28.31,28.64,20930999.0,0.0,1.0,26.985077209628,27.184334108855,26.861727700583,27.174845685083,20930999.0
2016-04-26,28.27,28.49,28.215,28.45,18151544.0,0.0,1.0,26.823774005492,27.032519328491997,26.771587674741998,26.994565633401,18151544.0
2016-04-25,28.11,28.28,27.98,28.23,16434811.0,0.0,1.0,26.671959225128003,26.833262429264998,26.548609716083003,26.785820310401,16434811.0
2016-04-22,28.3,28.55,28.07,28.15,23147609.0,0.0,1.0,26.852239276810003,27.089449871128,26.634005530036998,26.709912920219,23147609.0
2016-04-21,28.42,28.51,28.16,28.24,17339866.0,0.0,1.0,26.966100362083,27.051496176037002,26.719401343992,26.795308734174,17339866.0
2016-04-20,28.4,28.68,28.255,28.44,19937778.0,0.0,1.0,26.947123514537,27.212799380173003,26.809541369833003,26.985077209628,19937778.0
2016-04-19,28.33,28.44,28.2,28.33,20307744.0,0.0,1.0,26.880704548127998,26.985077209628,26.757355039083,26.880704548127998,20307744.0
2016-04-18,27.9,28.25,27.8,28.19,15762894.0,0.0,1.0,26.472702325900997,26.804797157946002,26.377818088174,26.747866615310002,15762894.0
2016-04-15,28.1,28.13,27.73,27.9,23804382.0,0.0,1.0,26.662470801355,26.690936072674,26.311399121765,26.472702325900997,23804382.0
2016-04-14,28.38,28.4,28.1,28.25,15049112.0,0.0,1.0,26.928146666992003,26.947123514537,26.662470801355,26.804797157946002,15049112.0
2016-04-13,27.96,28.28,27.72,28.23,25433265.0,0.0,1.0,26.529632868537,26.833262429264998,26.301910697992,26.785820310401,25433265.0
2016-04-12,27.14,27.66,26.95,27.64,27741441.0,0.0,1.0,25.751582119174,26.244980155356004,25.571302067492,26.22600330781,27741441.0
2016-04-11,27.88,28.18,27.61,27.62,18762887.0,0.0,1.0,26.453725478356,26.738378191537,26.197538036492,26.207026460265002,18762887.0
2016-04-08,27.71,27.945,27.58,27.69,14495574.0,0.0,1.0,26.292422274219,26.515400232877997,26.169072765173997,26.273445426673998,14495574.0
2016-04-07,27.9,27.9,27.53,27.6,17016844.0,0.0,1.0,26.472702325900997,26.472702325900997,26.12163064631,26.188049612719002,17016844.0
2016-04-06,27.7,28.04,27.62,28.0,20395805.0,0.0,1.0,26.282933850446,26.605540258719,26.207026460265002,26.567586563628,20395805.0
2016-04-05,27.64,27.83,27.46,27.58,24245658.0,0.0,1.0,26.22600330781,26.406283359492,26.055211679901,26.169072765173997,24245658.0
2016-04-04,28.37,28.41,28.01,28.14,17890041.0,0.26,1.0,26.918658243219,26.956611938309997,26.577074987400998,26.700424496446,17890041.0
2016-04-01,28.3,28.7,28.1238,28.69,23026363.0,0.0,1.0,26.606408917234003,26.982471234085,26.440753466661,26.973069676164,23026363.0
2016-03-31,28.53,28.67,28.35,28.47,18377563.0,0.0,1.0,26.822644749423,26.954266560321003,26.65341670684,26.766235401895,18377563.0
2016-03-30,28.34,28.68,28.26,28.46,19390162.0,0.0,1.0,26.644015148919,26.963668118242,26.568802685548,26.756833843974,19390162.0
2016-03-29,27.87,28.19,27.69,28.1,17139330.0,0.0,1.0,26.202141926617998,26.502991780099002,26.032913884035,26.418377758808,17139330.0
2016-03-28,27.99,28.025,27.785,27.9,12785874.0,0.0,1.0,26.314960621674,26.347866074398,26.122228684287,26.230346600382,12785874.0
2016-03-24,27.77,28.005,27.59,27.96,15871866.0,0.0,1.0,26.108126347405,26.329062958555998,25.938898304822,26.28675594791,15871866.0
2016-03-23,28.26,28.275,27.73,27.83,19217486.0,0.0,1.0,26.568802685548,26.58290502243,26.07052011572,26.164535694933,19217486.0
2016-03-22,28.2,28.38,27.9,28.28,23599299.0,0.0,1.0,26.512393338021003,26.681621380604,26.230346600382,26.587605801391,23599299.0
2016-03-21,28.1,28.35,28.04,28.19,23799234.0,0.0,1.0,26.418377758808,26.65341670684,26.36196841128,26.502991780099002,23799234.0
2016-03-18,28.23,28.38,27.97,28.33,43132365.0,0.0,1.0,26.540598011785,26.681621380604,26.296157505830998,26.634613590997,43132365.0
2016-03-17,27.92,28.44,27.87,28.19,28501857.0,0.0,1.0,26.249149716225,26.738030728132,26.202141926617998,26.502991780099002,28501857.0
2016-03-16,27.52,27.945,27.51,27.88,19087842.0,0.0,1.0,25.873087399373002,26.272653611027998,25.863685841451996,26.21154348454,19087842.0
2016-03-15,27.48,27.69,27.45,27.66,16917163.0,0.0,1.0,25.835481167688,26.032913884035,25.807276493923997,26.004709210271002,16917163.0
2016-03-14,27.82,27.86,27.6,27.7,18291719.0,0.0,1.0,26.155134137012,26.192740368697,25.948299862744,26.042315441956,18291719.0
2016-03-11,27.82,27.91,27.67,27.86,21873085.0,0.0,1.0,26.155134137012,26.239748158302998,26.014110768193003,26.192740368697,21873085.0
2016-03-10,27.76,27.98,27.03,27.38,33327333.0,0.0,1.0,26.098724789484,26.305559063751996,25.412411061229996,25.741465588475,33327333.0
2016-03-09,27.24,27.8,27.12,27.61,38890209.0,0.0,1.0,25.609843777576998,26.136331021169,25.497025082522,25.957701420665003,38890209.0
2016-03-08,26.97,27.299,26.69,27.05,23474666.0,0.0,1.0,25.356001713702998,25.665312969313003,25.092758091907,25.431214177073002,23474666.0
2016-03-07,26.58,27.18,26.33,27.14,21549496.0,0.0,1.0,24.989340954773002,25.55343443005,24.754302006741,25.515828198365,21549496.0
2016-03-04,26.915,26.96,26.67,26.8,19429859.0,0.0,1.0,25.304293145136,25.346600155781,25.073954976064,25.196175229041,19429859.0
2016-03-03,26.95,26.97,26.59,26.87,19002244.0,0.0,1.0,25.337198597860002,25.356001713702998,24.998742512694,25.261986134489998,19002244.0
2016-03-02,26.8,26.91,26.6,26.9,19020058.0,0.0,1.0,25.196175229041,25.299592366175,25.008144070615,25.290190808254,19020058.0
2016-03-01,26.45,26.93,26.235,26.83,25245390.0,0.0,1.0,24.867120701795997,25.318395482017998,24.664987206488,25.224379902804998,25245390.0
2016-02-29,26.42,26.65,26.15,26.18,24763106.0,0.0,1.0,24.838916028032,25.055151860222,24.585073964157,24.613278637921,24763106.0
2016-02-26,26.8,26.85,26.32,26.41,18113041.0,0.0,1.0,25.196175229041,25.243183018647,24.744900448819,24.829514470110997,18113041.0
2016-02-25,26.49,26.6,26.2,26.6,18655096.0,0.0,1.0,24.904726933481,25.008144070615,24.632081753763998,25.008144070615,18655096.0
2016-02-24,25.89,26.33,25.65,26.32,22960773.0,0.0,1.0,24.340633458204003,24.754302006741,24.114996068093,24.744900448819,22960773.0
2016-02-23,26.54,26.54,26.0646,26.12,28097508.0,0.0,1.0,24.951734723088002,24.951734723088002,24.50478465951,24.556869290394,28097508.0
2016-02-22,26.87,26.9132,26.42,26.63,24608129.0,0.0,1.0,25.261986134489998,25.30260086471,24.838916028032,25.036348744379,24608129.0
2016-02-19,26.27,26.56,26.25,26.55,28791720.0,0.0,1.0,24.697892659213,24.970537838929996,24.679089543369997,24.961136281009,28791720.0
2016-02-18,26.4405,26.5768,26.28,26.43,31288180.0,0.0,1.0,24.858189221771003,24.986332456238,24.707294217134,24.848317585953,31288180.0
2016-02-17,26.17,26.59,26.08,26.46,36904695.0,0.0,1.0,24.60387708,24.998742512694,24.519263058708,24.876522259717003,36904695.0
2016-02-16,25.27,25.98,25.19,25.84,40401697.0,0.0,1.0,23.757736867084,24.425247479496,23.682524403713998,24.293625668597997,40401697.0
2016-02-12,24.89,25.36,24.52,25.11,49753603.0,0.0,1.0,23.400477666076004,23.842350888376004,23.052620022988,23.607311940344,49753603.0
2016-02-11,24.09,24.97,24.09,24.68,92695952.0,0.0,1.0,22.648353032373,23.475690129446,22.648353032373,23.203044949728998,92695952.0
2016-02-10,23.13,23.13,22.46,22.51,36896116.0,0.0,1.0,21.74580347193,21.74580347193,21.115899091204,21.162906880810002,36896116.0
2016-02-09,22.6,22.86,22.53,22.65,30767214.0,0.0,1.0,21.247520902102,21.491961408055,21.181709996652998,21.294528691708,30767214.0
2016-02-08,22.63,23.02,22.48,22.93,38842141.0,0.0,1.0,21.275725575866,21.642386334796,21.134702207046,21.557772313504,38842141.0
2016-02-05,23.51,23.66,22.81,22.89,32640975.0,0.0,1.0,22.103062672939,22.244086041758,21.444953618449,21.520166081819,32640975.0
2016-02-04,23.17,23.57,22.93,23.54,29280471.0,0.0,1.0,21.783409703614996,22.159472020465998,21.557772313504,22.131267346702,29280471.0
2016-02-03,23.09,23.18,22.58,23.1,32231426.0,0.0,1.0,21.708197240245,21.792811261536002,21.228717786259,21.717598798165998,32231426.0
2016-02-02,23.23,23.25,22.73,22.83,36203661.0,0.0,1.0,21.839819051143,21.858622166985,21.369741155078,21.463756734291,36203661.0
2016-02-01,23.46,23.57,23.23,23.48,24006389.0,0.0,1.0,22.056054883332,22.159472020465998,21.839819051143,22.074857999175,24006389.0
2016-01-29,23.4,23.8,23.2,23.79,39692550.0,0.0,1.0,21.999645535804,22.375707852656003,21.811614377378998,22.366306294734002,39692550.0
2016-01-28,23.73,23.79,22.98,23.105,31833515.0,0.0,1.0,22.309896947206997,22.366306294734002,21.60478010311,21.722299577127,31833515.0
2016-01-27,23.69,23.9,23.295,23.43,24654015.0,0.0,1.0,22.272290715521997,22.469723431869003,21.900929177631003,22.027850209568,24654015.0
2016-01-26,23.24,23.851,23.24,23.72,25162200.0,0.0,1.0,21.849220609064,22.423655798054,21.849220609064,22.300495389285,25162200.0
2016-01-25,23.38,23.515,23.14,23.17,64066120.0,0.0,1.0,21.980842419962002,22.107763451899,21.755205029851,21.783409703614996,64066120.0
2016-01-22,23.6,23.64,22.99,23.37,55049038.0,0.0,1.0,22.18767669423,22.225282925915,21.614181661032,21.971440862041,55049038.0
2016-01-21,23.09,23.45,22.87,22.9,46267871.0,0.0,1.0,21.708197240245,22.046653325411,21.501362965976,21.52956763974,46267871.0
2016-01-20,23.4,23.51,22.47,22.9,83632356.0,0.0,1.0,21.999645535804,22.103062672939,21.125300649125,21.52956763974,83632356.0
2016-01-19,23.8,24.03,23.59,23.85,52533544.0,0.0,1.0,22.375707852656003,22.591943684845,22.178275136309,22.422715642262002,52533544.0
2016-01-15,23.93,24.43,23.57,23.62,64092779.0,0.0,1.0,22.497928105632,22.968006001697002,22.159472020465998,22.206479810073,64092779.0
2016-01-14,24.69,24.9,24.46,24.66,42902408.0,0.0,1.0,23.21244650765,23.409879223997002,22.99621067546,23.184241833886,42902408.0
2016-01-13,25.42,25.52,24.57,24.6,33431552.0,0.0,1.0,23.898760235904003,23.992775815117003,23.099627812595,23.127832486358,33431552.0
2016-01-12,25.51,25.57,25.03,25.35,30122412.0,0.0,1.0,23.983374257195,24.039783604723002,23.532099476974,23.832949330454998,30122412.0
2016-01-11,24.93,25.345,24.93,25.27,32346903.0,0.0,1.0,23.438083897761,23.828248551494003,23.438083897761,23.757736867084,32346903.0
2016-01-08,25.55,25.63,24.72,24.78,28609697.0,0.0,1.0,24.02098048888,24.096192952251002,23.240651181413998,23.297060528941998,28609697.0
2016-01-07,25.49,25.74,25.12,25.41,43235370.0,0.0,1.0,23.964571141353,24.199610089385,23.616713498265,23.889358677982003,43235370.0
2016-01-06,26.08,26.14,25.82,26.01,30799802.0,0.0,1.0,24.519263058708,24.575672406236,24.274822552754998,24.453452153260002,30799802.0
2016-01-05,26.54,26.66,26.18,26.29,22024912.0,0.0,1.0,24.951734723088002,25.064553418143,24.613278637921,24.716695775054998,22024912.0
2016-01-04,26.39,26.42,25.88,26.41,35827068.0,0.21,1.0,24.810711354267998,24.838916028032,24.331231900282997,24.829514470110997,35827068.0
2015-12-31,27.38,27.4499,27.14,27.155,17041452.0,0.0,1.0,25.538396175493002,25.603594637607003,25.314538794846,25.328529881136998,17041452.0
2015-12-30,27.66,27.77,27.52,27.53,10620325.0,0.0,1.0,25.799563119582,25.902164419045,25.668979647538,25.678307038398,10620325.0
2015-12-29,27.44,27.82,27.4,27.77,16319644.0,0.0,1.0,25.594360520655,25.948801373347003,25.557050957214,25.902164419045,16319644.0
2015-12-28,27.3,27.37,27.13,27.31,14204904.0,0.0,1.0,25.463777048611004,25.529068784633,25.305211403986,25.473104439471,14204904.0
2015-12-24,27.41,27.55,27.37,27.38,8202379.0,0.0,1.0,25.566378348074004,25.696961820118,25.529068784633,25.538396175493002,8202379.0
2015-12-23,27.04,27.41,27.0,27.4,18803741.0,0.0,1.0,25.221264886243,25.566378348074004,25.183955322802,25.557050957214,18803741.0
2015-12-22,26.85,26.9,26.555,26.89,18966280.0,0.0,1.0,25.044044459898,25.090681414199,24.768886429519,25.081354023339,18966280.0
2015-12-21,26.58,26.65,26.41,26.635,20242927.0,0.0,1.0,24.79220490667,24.857496642692,24.633639262045,24.843505556401,20242927.0
2015-12-18,26.6,26.82,26.26,26.27,36732726.0,0.0,1.0,24.810859688389996,25.016062287317,24.49372839914,24.50305579,36732726.0
2015-12-17,27.285,27.31,26.7,26.72,24812204.0,0.0,1.0,25.449785962321002,25.473104439471,24.904133596993,24.922788378714,24812204.0
2015-12-16,27.0,27.29,26.68,27.235,22731521.0,0.0,1.0,25.183955322802,25.454449657751002,24.885478815273,25.403149008019,22731521.0
2015-12-15,26.72,27.11,26.61,26.85,30393725.0,0.0,1.0,24.922788378714,25.286556622265,24.820187079251,25.044044459898,30393725.0
2015-12-14,26.3,26.52,25.96,26.49,32744930.0,0.0,1.0,24.531037962581,24.736240561508,24.213906673331,24.708258388927003,32744930.0
2015-12-11,26.49,26.4901,26.125,26.16,34295664.0,0.0,1.0,24.708258388927003,24.708351662835998,24.367808622526002,24.400454490537,34295664.0
2015-12-10,26.74,27.04,26.66,26.77,23382403.0,0.0,1.0,24.941443160433998,25.221264886243,24.866824033552,24.969425333015,23382403.0
2015-12-09,26.96,27.35,26.66,26.73,24127425.0,0.0,1.0,25.146645759361,25.510414002913,24.866824033552,24.932115769573997,24127425.0
2015-12-08,27.17,27.29,27.02,27.15,18635748.0,0.0,1.0,25.342520967427,25.454449657751002,25.202610104523,25.323866185707,18635748.0
2015-12-07,27.56,27.56,27.26,27.49,15350240.0,0.0,1.0,25.706289210978998,25.706289210978998,25.42646748517,25.640997474957,15350240.0
2015-12-04,26.95,27.55,26.95,27.48,28143745.0,0.0,1.0,25.137318368501,25.696961820118,25.137318368501,25.631670084095997,28143745.0
2015-12-03,27.63,27.69,26.82,26.95,25783765.0,0.0,1.0,25.771580947001,25.827545292163,25.016062287317,25.137318368501,25783765.0
2015-12-02,27.49,27.9,27.37,27.44,29178172.0,0.0,1.0,25.640997474957,26.023420500229,25.529068784633,25.594360520655,29178172.0
2015-12-01,27.2,27.65,27.2,27.57,31406279.0,0.0,1.0,25.370503140008,25.790235728720997,25.370503140008,25.715616601839,31406279.0
2015-11-30,27.34,27.48,27.2,27.25,30736731.0,0.0,1.0,25.501086612052003,25.631670084095997,25.370503140008,25.417140094310003,30736731.0
2015-11-27,27.25,27.48,27.24,27.32,9532251.0,0.0,1.0,25.417140094310003,25.631670084095997,25.407812703449,25.482431830331997,9532251.0
2015-11-25,27.32,27.39,27.0,27.24,22472771.0,0.0,1.0,25.482431830331997,25.547723566353998,25.183955322802,25.407812703449,22472771.0
2015-11-24,27.25,27.44,27.0,27.27,32859230.0,0.0,1.0,25.417140094310003,25.594360520655,25.183955322802,25.43579487603,32859230.0
2015-11-23,27.65,27.84,27.34,27.43,24684856.0,0.0,1.0,25.790235728720997,25.967456155067,25.501086612052003,25.585033129794997,24684856.0
2015-11-20,27.59,27.78,27.46,27.57,26502758.0,0.0,1.0,25.73427138356,25.911491809904998,25.613015302376,25.715616601839,26502758.0
2015-11-19,27.1,27.65,27.05,27.37,27417442.0,0.0,1.0,25.277229231405002,25.790235728720997,25.230592277104,25.529068784633,27417442.0
2015-11-18,27.0,27.155,26.725,27.12,27015720.0,0.0,1.0,25.183955322802,25.328529881136998,24.927452074144,25.295884013126003,27015720.0
2015-11-17,26.8,27.27,26.68,26.81,30396121.0,0.0,1.0,24.997407505595998,25.43579487603,24.885478815273,25.006734896457,30396121.0
2015-11-16,26.07,26.995,26.06,26.79,44949588.0,0.0,1.0,24.316507972795,25.179291627372,24.307180581934,24.988080114736,44949588.0
2015-11-13,26.29,26.68,25.82,26.21,94556197.0,0.0,1.0,24.521710571721,24.885478815273,24.083323201286998,24.447091444839,94556197.0
2015-11-12,27.74,28.07,27.72,27.83,38135852.0,0.0,1.0,25.874182246464,26.181986144854,25.855527464744,25.958128764207,38135852.0
2015-11-11,28.1,28.1,27.75,27.82,32599338.0,0.0,1.0,26.209968317435003,26.209968317435003,25.883509637324,25.948801373347003,32599338.0
2015-11-10,28.18,28.215,27.9,27.98,26701825.0,0.0,1.0,26.284587444317,26.317233312328,26.023420500229,26.098039627111,26701825.0
2015-11-09,28.35,28.49,28.0,28.18,25865917.0,0.0,1.0,26.443153088941997,26.573736560986,26.116694408832,26.284587444317,25865917.0
2015-11-06,28.31,28.55,28.16,28.45,26107573.0,0.0,1.0,26.405843525501,26.629700906148,26.265932662597,26.536426997545,26107573.0
2015-11-05,28.5,28.61,28.291,28.43,21988608.0,0.0,1.0,26.583063951847,26.68566525131,26.388121482866996,26.517772215825,21988608.0
2015-11-04,28.79,28.82,28.37,28.47,28591793.0,0.0,1.0,26.853558286795,26.881540459376,26.461807870662998,26.555081779266,28591793.0
2015-11-03,28.61,28.71,28.49,28.61,30555332.0,0.0,1.0,26.68566525131,26.778939159913,26.573736560986,26.68566525131,30555332.0
2015-11-02,28.87,28.87,28.51,28.77,28912599.0,0.0,1.0,26.928177413678004,26.928177413678004,26.592391342707,26.834903505075,28912599.0
2015-10-30,29.0,29.25,28.85,28.85,22334055.0,0.0,1.0,27.049433494861997,27.282618266369,26.909522631957003,26.909522631957003,22334055.0
2015-10-29,29.15,29.21,28.93,29.14,16717819.0,0.0,1.0,27.189344357766,27.245308702928,26.984141758839,27.180016966906,16717819.0
2015-10-28,29.29,29.45,29.04,29.36,23741378.0,0.0,1.0,27.31992782981,27.469166083575,27.086743058303,27.385219565832,23741378.0
2015-10-27,28.72,29.06,28.58,29.05,19480621.0,0.0,1.0,26.788266550773002,27.105397840023,26.657683078729,27.096070449162998,19480621.0
2015-10-26,29.32,29.49,28.88,28.95,20354775.0,0.0,1.0,27.347910002391,27.506475647016,26.937504804538,27.002796540560002,20354775.0
2015-10-23,29.02,29.38,28.93,29.35,26076929.0,0.0,1.0,27.068088276582,27.403874347553,26.984141758839,27.375892174972,26076929.0
2015-10-22,28.56,29.21,28.5,29.01,32162485.0,0.0,1.0,26.639028297008,27.245308702928,26.583063951847,27.058760885722,32162485.0
2015-10-21,28.6,28.82,28.22,28.28,19174380.0,0.0,1.0,26.67633786045,26.881540459376,26.321897007758004,26.377861352920004,19174380.0
2015-10-20,28.2,28.52,28.15,28.5,20335775.0,0.0,1.0,26.303242226037998,26.601718733567,26.256605271736003,26.583063951847,20335775.0
2015-10-19,28.12,28.29,27.94,28.25,20778054.0,0.0,1.0,26.228623099155,26.387188743779998,26.06073006367,26.349879180339,20778054.0
2015-10-16,28.34,28.35,28.0,28.25,19948295.0,0.0,1.0,26.433825698082,26.443153088941997,26.116694408832,26.349879180339,19948295.0
2015-10-15,28.1,28.19,27.87,28.15,18996867.0,0.0,1.0,26.209968317435003,26.293914835177997,25.995438327648,26.256605271736003,18996867.0
2015-10-14,27.75,27.9,27.59,27.82,20144012.0,0.0,1.0,25.883509637324,26.023420500229,25.73427138356,25.948801373347003,20144012.0
2015-10-13,27.75,27.95,27.74,27.85,15107154.0,0.0,1.0,25.883509637324,26.07005745453,25.874182246464,25.976783545927,15107154.0
2015-10-12,27.93,28.1,27.76,27.96,14486035.0,0.0,1.0,26.051402672810003,26.209968317435003,25.892837028185,26.079384845391,14486035.0
2015-10-09,28.01,28.15,27.8241,27.91,22125821.0,0.0,1.0,26.126021799692,26.256605271736003,25.952625603599,26.032747891089002,22125821.0
2015-10-08,27.51,28.02,27.43,27.91,22500248.0,0.0,1.0,25.659652256677,26.135349190552002,25.585033129794997,26.032747891089002,22500248.0
2015-10-07,27.52,27.95,27.0,27.54,29749725.0,0.0,1.0,25.668979647538,26.07005745453,25.183955322802,25.687634429257997,29749725.0
2015-10-06,27.03,27.47,26.98,27.23,34609939.0,0.0,1.0,25.211937495383,25.622342693236,25.165300541082,25.398485312589003,34609939.0
2015-10-05,26.04,26.98,25.97,26.85,30217882.0,0.0,1.0,24.288525800214,25.165300541082,24.223234064192,25.044044459898,30217882.0
2015-10-02,25.4,25.79,25.34,25.76,34910695.0,0.0,1.0,23.691572785155,24.055341028706003,23.635608439993,24.027358856125,34910695.0
2015-10-01,26.05,26.155,25.55,25.73,26933244.0,0.21,1.0,24.297853191074,24.395790795107,23.831483648059002,23.999376683544,26933244.0
2015-09-30,26.0,26.38,25.88,26.245,31067238.0,0.0,1.0,24.05488796346,24.406459402926,23.943865403628998,24.281559023116003,31067238.0
2015-09-29,25.64,25.93,25.56,25.64,27095642.0,0.0,1.0,23.721820283965997,23.990124803558,23.647805244078,23.721820283965997,27095642.0
2015-09-28,25.83,26.02,25.59,25.66,26850706.0,0.0,1.0,23.897606003699003,24.073391723432003,23.675560884036003,23.740324043938,26850706.0
2015-09-25,25.81,26.295,25.8,26.025,37618273.0,0.0,1.0,23.879102243727,24.327818423045997,23.869850363741,24.078017663425,37618273.0
2015-09-24,25.09,25.5,24.92,25.41,35598016.0,0.0,1.0,23.212966884739,23.592293964162998,23.055684924978,23.509027044289,35598016.0
2015-09-23,25.22,25.31,25.01,25.28,18804158.0,0.0,1.0,23.333241324556,23.41650824443,23.138951844850997,23.388752604472,18804158.0
2015-09-22,25.06,25.21,24.97,25.14,21305238.0,0.0,1.0,23.185211244780998,23.323989444570003,23.101944324908,23.259226284668998,21305238.0
2015-09-21,25.45,25.82,25.35,25.54,21945645.0,0.0,1.0,23.546034564232997,23.888354123713004,23.453515764374,23.629301484107,21945645.0
2015-09-18,25.57,25.74,25.25,25.54,40020051.0,0.0,1.0,23.657057124064004,23.814339083825,23.360996964513998,23.629301484107,40020051.0
2015-09-17,25.96,26.28,25.81,25.88,25409636.0,0.0,1.0,24.017880443516002,24.313940603067003,23.879102243727,23.943865403628998,25409636.0
2015-09-16,26.07,26.1,25.85,26.07,21245275.0,0.0,1.0,24.119651123362,24.147406763320003,23.916109763671,24.119651123362,21245275.0
2015-09-15,25.56,26.08,25.56,25.98,20479406.0,0.0,1.0,23.647805244078,24.128903003347997,23.647805244078,24.036384203488,20479406.0
2015-09-14,26.15,26.17,25.66,25.7,18636396.0,0.0,1.0,24.193666163249002,24.212169923221,23.740324043938,23.777331563881997,18636396.0
2015-09-11,26.0,26.18,25.81,26.02,21529112.0,0.0,1.0,24.05488796346,24.221421803207,23.879102243727,24.073391723432003,21529112.0
2015-09-10,25.9,26.49,25.845,26.26,26424581.0,0.0,1.0,23.962369163600997,24.508230082771,23.911483823678,24.295436843095,26424581.0
2015-09-09,26.5,26.73,25.88,25.94,25032342.0,0.0,1.0,24.517481962757,24.730275202434,23.943865403628998,23.999376683544,25032342.0
2015-09-08,25.98,26.33,25.91,26.3,20932880.0,0.0,1.0,24.036384203488,24.360200002996002,23.971621043587,24.332444363038,20932880.0
2015-09-04,25.42,25.65,25.35,25.52,26904250.0,0.0,1.0,23.518278924275,23.731072163951996,23.453515764374,23.610797724134997,26904250.0
2015-09-03,25.88,26.15,25.73,25.9,27958365.0,0.0,1.0,23.943865403628998,24.193666163249002,23.80508720384,23.962369163600997,27958365.0
2015-09-02,25.55,25.66,25.08,25.65,27925308.0,0.0,1.0,23.638553364093,23.740324043938,23.203715004752997,23.731072163951996,27925308.0
2015-09-01,25.22,25.62,25.01,25.12,32705393.0,0.0,1.0,23.333241324556,23.703316523994,23.138951844850997,23.240722524697,32705393.0
2015-08-31,25.94,26.11,25.74,25.88,32388255.0,0.0,1.0,23.999376683544,24.156658643306,23.814339083825,23.943865403628998,32388255.0
2015-08-28,25.91,26.05,25.82,26.0,26918859.0,0.0,1.0,23.971621043587,24.101147363389998,23.888354123713004,24.05488796346,26918859.0
2015-08-27,25.98,26.19,25.61,26.17,36504711.0,0.0,1.0,24.036384203488,24.230673683193,23.694064644008,24.212169923221,36504711.0
2015-08-26,25.28,25.74,24.705,25.68,54783233.0,0.0,1.0,23.388752604472,23.814339083825,22.85676950528,23.758827803910002,54783233.0
2015-08-25,25.94,25.99,24.6,24.62,40610051.0,0.0,1.0,23.999376683544,24.045636083474,22.759624765428,22.7781285254,40610051.0
2015-08-24,24.89,26.08,23.03,25.19,61666993.0,0.0,1.0,23.027929285020004,24.128903003347997,21.307079607634,23.305485684597997,61666993.0
2015-08-21,26.88,27.34,26.47,26.47,48502400.0,0.0,1.0,24.869053402223,25.294639881577,24.489726322800003,24.489726322800003,48502400.0
2015-08-20,27.56,27.75,27.04,27.04,37889402.0,0.0,1.0,25.498181241268,25.673966961001,25.017083481999002,25.017083481999002,37889402.0
2015-08-19,28.1,28.24,27.72,27.8,30023909.0,0.0,1.0,25.997782760509,26.127309080312,25.646211321043,25.72022636093,30023909.0
2015-08-18,28.71,28.72,28.18,28.25,32210431.0,0.0,1.0,26.562147439651998,26.571399319637,26.071797800396,26.136560960298,32210431.0
2015-08-17,28.65,28.965,28.51,28.825,21263997.0,0.0,1.0,26.506636159736,26.798070379292998,26.377109839933,26.66854405949,21263997.0
2015-08-14,28.78,29.05,28.75,29.03,24890756.0,0.0,1.0,26.626910599553,26.876711359174,26.599154959594998,26.858207599202,24890756.0
2015-08-13,28.78,29.205,28.69,28.7,61153978.0,0.0,1.0,26.626910599553,27.020115498956,26.54364367968,26.552895559666,61153978.0
2015-08-12,27.8,28.1,27.41,27.9,42151915.0,0.0,1.0,25.72022636093,25.997782760509,25.359403041479002,25.81274516079,42151915.0
2015-08-11,28.24,28.39,27.85,28.02,25391904.0,0.0,1.0,26.127309080312,26.266087280100997,25.76648576086,25.923767720621,25391904.0
2015-08-10,28.48,28.7,28.27,28.59,23740009.0,0.0,1.0,26.349354199975,26.552895559666,26.155064720269998,26.451124879820004,23740009.0
2015-08-07,28.17,28.23,27.9,28.15,16039411.0,0.0,1.0,26.06254592041,26.118057200326,25.81274516079,26.044042160439,16039411.0
2015-08-06,28.37,28.67,28.0,28.21,20143763.0,0.0,1.0,26.247583520128998,26.525139919708,25.905263960649,26.099553440354,20143763.0
2015-08-05,28.11,28.6,28.1,28.27,18926022.0,0.0,1.0,26.007034640495,26.460376759806,25.997782760509,26.155064720269998,18926022.0
2015-08-04,28.22,28.46,27.89,28.03,18578117.0,0.0,1.0,26.10880532034,26.330850440003,25.803493280804,25.933019600607,18578117.0
2015-08-03,28.41,28.59,28.11,28.36,17450923.0,0.0,1.0,26.284591040073,26.451124879820004,26.007034640495,26.238331640143,17450923.0
2015-07-31,28.39,28.56,28.16,28.42,20375986.0,0.0,1.0,26.266087280100997,26.423369239861998,26.053294040424,26.293842920059,20375986.0
2015-07-30,28.22,28.46,28.2,28.3,17458084.0,0.0,1.0,26.10880532034,26.330850440003,26.090301560367998,26.182820360228,17458084.0
2015-07-29,28.2,28.52,28.02,28.4,21419884.0,0.0,1.0,26.090301560367998,26.386361719918998,25.923767720621,26.275339160087,21419884.0
2015-07-28,28.34,28.35,27.85,28.21,23573236.0,0.0,1.0,26.219827880172,26.229079760157,25.76648576086,26.099553440354,23573236.0
2015-07-27,28.31,28.56,28.19,28.21,30914429.0,0.0,1.0,26.192072240214,26.423369239861998,26.081049680381998,26.099553440354,30914429.0
2015-07-24,28.45,28.77,28.38,28.4,39471714.0,0.0,1.0,26.321598560016998,26.617658719567,26.256835400114998,26.275339160087,39471714.0
2015-07-23,27.7,28.25,27.575,28.01,34103205.0,0.0,1.0,25.627707561071,26.136560960298,25.512059061247,25.914515840634998,34103205.0
2015-07-22,27.83,28.06,27.44,27.53,26889222.0,0.0,1.0,25.747982000888,25.960775240565,25.387158681436,25.47042560131,26889222.0
2015-07-21,27.96,28.25,27.79,27.84,23874026.0,0.0,1.0,25.868256440706002,26.136560960298,25.710974480944,25.757233880874,23874026.0
2015-07-20,28.13,28.16,27.88,28.03,19477041.0,0.0,1.0,26.025538400467,26.053294040424,25.794241400818,25.933019600607,19477041.0
2015-07-17,28.27,28.31,27.965,28.18,24248902.0,0.0,1.0,26.155064720269998,26.192072240214,25.872882380699,26.071797800396,24248902.0
2015-07-16,28.24,28.42,28.21,28.32,21058128.0,0.0,1.0,26.127309080312,26.293842920059,26.099553440354,26.2013241202,21058128.0
2015-07-15,27.86,28.24,27.81,28.11,23378353.0,0.0,1.0,25.775737640846,26.127309080312,25.729478240916,26.007034640495,23378353.0
2015-07-14,27.87,28.04,27.7,28.03,20932759.0,0.0,1.0,25.784989520832,25.942271480593,25.627707561071,25.933019600607,20932759.0
2015-07-13,27.49,27.8,27.42,27.79,20623079.0,0.0,1.0,25.433418081366,25.72022636093,25.368654921464,25.710974480944,20623079.0
2015-07-10,27.27,27.36,27.04,27.28,16079311.0,0.0,1.0,25.229876721675,25.313143641549,25.017083481999002,25.239128601661,16079311.0
2015-07-09,27.38,27.45,26.9,26.91,20129736.0,0.0,1.0,25.331647401521,25.396410561422,24.887557162195,24.896809042181,20129736.0
2015-07-08,27.08,27.16,26.84,26.99,27863352.0,0.0,1.0,25.054091001942002,25.12810604183,24.832045882279996,24.970824082069,27863352.0
2015-07-07,27.22,27.45,26.885,27.36,25436748.0,0.0,1.0,25.183617321746002,25.396410561422,24.873679342216,25.313143641549,25436748.0
2015-07-06,27.0,27.26,26.89,27.22,22858247.0,0.0,1.0,24.980075962055,25.220624841689,24.878305282209002,25.183617321746002,22858247.0
2015-07-02,27.37,27.57,27.29,27.33,15635547.0,0.0,1.0,25.322395521535,25.507433121254,25.248380481647,25.285388001591002,15635547.0
2015-07-01,27.42,27.5,27.07,27.35,24461290.0,0.21,1.0,25.368654921464,25.442669961352,25.044839121956,25.303891761563,24461290.0
2015-06-30,27.83,27.83,27.33,27.46,31236844.0,0.0,1.0,25.551789104655,25.551789104655,25.092719950781003,25.212077930788002,31236844.0
2015-06-29,27.99,28.11,27.5,27.54,31838316.0,0.0,1.0,25.698691233895,25.808867830825,25.248803463098003,25.285528995408,31838316.0
2015-06-26,28.49,28.49,28.01,28.28,28087785.0,0.0,1.0,26.157760387769,26.157760387769,25.717054000050002,25.964951343141998,28087785.0
2015-06-25,28.56,28.65,28.38,28.4,14606105.0,0.0,1.0,26.222030069312,26.304662517009,26.056765173916997,26.075127940071997,14606105.0
2015-06-24,28.79,28.85,28.49,28.51,20978767.0,0.0,1.0,26.433201880094,26.488290178558998,26.157760387769,26.176123153924,20978767.0
2015-06-23,29.0,29.035999999999998,28.62,28.785,21041320.0,0.0,1.0,26.626010924720998,26.6590639038,26.277118367777,26.428611188555003,21041320.0
2015-06-22,29.1,29.215,28.82,28.94,20160009.0,0.0,1.0,26.717824755496,26.823410660887,26.460746029327,26.570922626256,20160009.0
2015-06-19,29.24,29.32,28.94,29.03,31970053.0,0.0,1.0,26.846364118581,26.919815183201,26.570922626256,26.653555073954,31970053.0
2015-06-18,28.85,29.35,28.82,29.21,24156052.0,0.0,1.0,26.488290178558998,26.947359332434,26.460746029327,26.818819969348997,24156052.0
2015-06-17,28.84,29.04,28.66,28.93,20959035.0,0.0,1.0,26.479108795482002,26.662736457031002,26.313843900086997,26.561741243179,20959035.0
2015-06-16,28.35,28.79,28.28,28.71,16920270.0,0.0,1.0,26.029221024685,26.433201880094,25.964951343141998,26.359750815474,16920270.0
2015-06-15,28.23,28.52,28.11,28.48,25722123.0,0.0,1.0,25.919044427754997,26.185304537002,25.808867830825,26.148579004692003,25722123.0
2015-06-12,28.66,28.67,28.31,28.54,21919545.0,0.0,1.0,26.313843900086997,26.323025283164,25.992495492375003,26.203667303157,21919545.0
2015-06-11,28.75,29.22,28.75,28.86,24387127.0,0.0,1.0,26.396476347784,26.828001352426,26.396476347784,26.497471561637003,24387127.0
2015-06-10,28.47,28.91,28.27,28.66,26223345.0,0.0,1.0,26.139397621614,26.543378477024003,25.955769960065,26.313843900086997,26223345.0
2015-06-09,28.27,28.42,28.01,28.24,15527495.0,0.0,1.0,25.955769960065,26.093490706227,25.717054000050002,25.928225810832,15527495.0
2015-06-08,28.67,28.7,28.23,28.275,19011738.0,0.0,1.0,26.323025283164,26.350569432397,25.919044427754997,25.960360651602997,19011738.0
2015-06-05,28.55,28.71,28.49,28.58,25357935.0,0.0,1.0,26.212848686234,26.359750815474,26.157760387769,26.240392835467,25357935.0
2015-06-04,28.9,29.1,28.54,28.61,26774517.0,0.0,1.0,26.534197093947,26.717824755496,26.203667303157,26.267936984699002,26774517.0
2015-06-03,29.21,29.295,29.05,29.09,20536900.0,0.0,1.0,26.818819969348997,26.896861725507,26.671917840109,26.708643372419,20536900.0
2015-06-02,29.09,29.27,28.95,29.08,15995587.0,0.0,1.0,26.708643372419,26.873908267814002,26.580104009334,26.699461989341003,15995587.0
2015-06-01,29.6,29.62,29.05,29.18,23799371.0,0.0,1.0,27.176893909371,27.195256675526,26.671917840109,26.791275820116,23799371.0
2015-05-29,29.32,29.59,29.19,29.31,26018129.0,0.0,1.0,26.919815183201,27.167712526293002,26.800457203194,26.910633800124,26018129.0
2015-05-28,29.34,29.56,29.16,29.35,18219564.0,0.0,1.0,26.938177949356,27.140168377061,26.772913053961002,26.947359332434,18219564.0
2015-05-27,29.06,29.48,29.02,29.31,23959933.0,0.0,1.0,26.681099223186003,27.066717312441,26.644373690876,26.910633800124,23959933.0
2015-05-26,29.19,29.25,28.75,28.95,25877100.0,0.0,1.0,26.800457203194,26.855545501659,26.396476347784,26.580104009334,25877100.0
2015-05-22,29.39,29.45,29.26,29.26,20079663.0,0.0,1.0,26.984084864744002,27.039173163207998,26.864726884735997,26.864726884735997,20079663.0
2015-05-21,29.61,29.765,29.43,29.43,20806934.0,0.0,1.0,27.186075292448002,27.328386730149003,27.020810397052998,27.020810397052998,20806934.0
2015-05-20,29.8,29.85,29.53,29.62,19410906.0,0.0,1.0,27.360521570921,27.406428486308,27.112624227828,27.195256675526,19410906.0
2015-05-19,29.87,29.9,29.63,29.735,18926264.0,0.0,1.0,27.424791252463002,27.452335401696,27.204438058603,27.300842580917,18926264.0
2015-05-18,29.42,29.9,29.42,29.76,23953043.0,0.0,1.0,27.011629013976002,27.452335401696,27.011629013976002,27.323796038611,23953043.0
2015-05-15,29.24,29.82,29.16,29.55,37677292.0,0.0,1.0,26.846364118581,27.378884337076002,26.772913053961002,27.130986993983,37677292.0
2015-05-14,29.29,29.66,28.965,29.05,56696268.0,0.0,1.0,26.892271033969003,27.231982207835998,26.59387608395,26.671917840109,56696268.0
2015-05-13,29.14,29.465,29.13,29.35,38263966.0,0.0,1.0,26.754550287806,27.052945237824996,26.745368904729,26.947359332434,38263966.0
2015-05-12,29.07,29.44,28.8,29.23,31760956.0,0.0,1.0,26.690280606264,27.029991780131002,26.442383263172,26.837182735503998,31760956.0
2015-05-11,29.5,29.79,29.2,29.21,27045187.0,0.0,1.0,27.085080078596,27.351340187843,26.809638586271,26.818819969348997,27045187.0
2015-05-08,28.99,29.37,28.99,29.23,22572376.0,0.0,1.0,26.616829541644,26.965722098589,26.616829541644,26.837182735503998,22572376.0
2015-05-07,28.99,29.12,28.7401,28.805,22643831.0,0.0,1.0,26.616829541644,26.736187521651,26.387386778537003,26.446973954710003,22643831.0
2015-05-06,28.9,29.075,28.69,28.97,23571965.0,0.0,1.0,26.534197093947,26.694871297803,26.341388049319,26.598466775489,23571965.0
2015-05-05,29.17,29.21,28.835,28.89,22463800.0,0.0,1.0,26.782094437039,26.818819969348997,26.474518103943,26.525015710869003,22463800.0
2015-05-04,29.08,29.36,29.07,29.17,16484128.0,0.0,1.0,26.699461989341003,26.956540715510997,26.690280606264,26.782094437039,16484128.0
2015-05-01,28.81,29.2,28.78,29.13,18935955.0,0.0,1.0,26.451564646249,26.809638586271,26.424020497017,26.745368904729,18935955.0
2015-04-30,28.85,29.015,28.68,28.83,26514496.0,0.0,1.0,26.488290178558998,26.639782999338003,26.332206666241998,26.469927412403997,26514496.0
2015-04-29,29.06,29.25,28.9,29.05,22463654.0,0.0,1.0,26.681099223186003,26.855545501659,26.534197093947,26.671917840109,22463654.0
2015-04-28,28.8,29.33,28.76,29.32,24315253.0,0.0,1.0,26.442383263172,26.928996566279,26.405657730862004,26.919815183201,24315253.0
2015-04-27,28.88,29.03,28.71,28.89,22952006.0,0.0,1.0,26.515834327792,26.653555073954,26.359750815474,26.525015710869003,22952006.0
2015-04-24,29.19,29.28,28.67,28.82,27145555.0,0.0,1.0,26.800457203194,26.883089650890998,26.323025283164,26.460746029327,27145555.0
2015-04-23,28.4,28.82,28.2,28.675,22230105.0,0.0,1.0,26.075127940071997,26.460746029327,25.891500278522,26.327615974703,22230105.0
2015-04-22,28.67,28.79,28.42,28.62,19111703.0,0.0,1.0,26.323025283164,26.433201880094,26.093490706227,26.277118367777,19111703.0
2015-04-21,28.72,28.92,28.66,28.69,23956868.0,0.0,1.0,26.368932198552,26.552559860101,26.313843900086997,26.341388049319,23956868.0
2015-04-20,28.16,28.63,28.16,28.48,21921809.0,0.0,1.0,25.854774746212,26.286299750854003,25.854774746212,26.148579004692003,21921809.0
2015-04-17,28.26,28.4,27.9,27.915,36904655.0,0.0,1.0,25.946588576987,26.075127940071997,25.616058786196998,25.629830860814,36904655.0
2015-04-16,28.19,28.638,28.1,28.6,29863528.0,0.0,1.0,25.882318895445,26.293644857315996,25.799686447747003,26.258755601622,29863528.0
2015-04-15,28.1,28.42,27.97,28.25,31160911.0,0.0,1.0,25.799686447747003,26.093490706227,25.68032846774,25.93740719391,31160911.0
2015-04-14,28.0,28.06,27.68,27.81,19296326.0,0.0,1.0,25.707872616971997,25.762960915437002,25.414068358492997,25.5334263385,19296326.0
2015-04-13,27.99,28.28,27.94,27.98,22769580.0,0.0,1.0,25.698691233895,25.964951343141998,25.652784318507,25.689509850817,22769580.0
2015-04-10,27.58,28.08,27.56,28.04,24634578.0,0.0,1.0,25.322254527718002,25.781323681592003,25.303891761563,25.744598149281998,24634578.0
2015-04-09,27.59,27.74,27.42,27.625,16684501.0,0.0,1.0,25.331435910795,25.469156656958,25.175352398477997,25.363570751567,16684501.0
2015-04-08,27.37,27.66,27.37,27.55,19076426.0,0.0,1.0,25.129445483091,25.395705592338,25.129445483091,25.294710378484996,19076426.0
2015-04-07,27.2,27.56,27.13,27.39,16861751.0,0.0,1.0,24.973361970773002,25.303891761563,24.909092289231,25.147808249246,16861751.0
2015-04-06,26.96,27.32,26.84,27.22,20004043.0,0.0,1.0,24.753008776913,25.083538567703,24.642832179984,24.991724736928,20004043.0
2015-04-02,27.22,27.5,27.13,27.13,19527211.0,0.0,1.0,24.991724736928,25.248803463098003,24.909092289231,24.909092289231,19527211.0
2015-04-01,27.31,27.638,27.1,27.25,22420534.0,0.0,1.0,25.074357184626002,25.375506549567,24.881548139998003,25.019268886160997,22420534.0
2015-03-31,27.34,27.69,27.28,27.525,29258328.0,0.21,1.0,25.101901333858,25.42324974157,25.046813035393,25.271756920791997,29258328.0
2015-03-30,27.22,27.75,27.22,27.65,29056308.0,0.0,1.0,24.802495885486003,25.285424717936,24.802495885486003,25.194306070304,29056308.0
2015-03-27,27.07,27.21,26.94,27.13,20464472.0,0.0,1.0,24.665817914037,24.793384020723,24.547363672116,24.720489102617,20464472.0
2015-03-26,27.19,27.305,26.62,27.09,48928133.0,0.0,1.0,24.775160291196,24.879946735973,24.255783999692998,24.684041643564,48928133.0
2015-03-25,27.92,28.09,27.46,27.46,27158706.0,0.0,1.0,25.440326418911,25.595228119886,25.021180639803,25.021180639803,27158706.0
2015-03-24,28.29,28.57,27.99,28.0,23263559.0,0.0,1.0,25.777465415149997,26.032597628521,25.504109472254,25.513221337017,23263559.0
2015-03-23,28.44,28.69,28.36,28.405,23478637.0,0.0,1.0,25.914143386599,26.141940005679,25.841248468493,25.882251859927003,23478637.0
2015-03-20,28.45,28.62,28.32,28.44,37628686.0,0.0,1.0,25.923255251362,26.078156952336997,25.80480100944,25.914143386599,37628686.0
2015-03-19,28.1,28.54,28.03,28.26,27980375.0,0.0,1.0,25.604339984649002,26.005262034231,25.540556931307,25.750129820861,27980375.0
2015-03-18,27.88,28.34,27.72,28.15,34910854.0,0.0,1.0,25.403878959857998,25.823024738965998,25.258089123646997,25.649899308465,34910854.0
2015-03-17,28.19,28.28,27.95,28.15,21895674.0,0.0,1.0,25.686346767518,25.768353550387,25.467662013200997,25.649899308465,21895674.0
2015-03-16,28.1,28.38,28.04,28.3,25358916.0,0.0,1.0,25.604339984649002,25.859472198019,25.549668796070005,25.786577279914,25358916.0
2015-03-13,28.02,28.26,27.565,27.94,36510954.0,0.0,1.0,25.531445066543004,25.750129820861,25.116855219817,25.458550148438,36510954.0
2015-03-12,28.05,28.54,28.05,28.24,22978712.0,0.0,1.0,25.558780660833,26.005262034231,25.558780660833,25.731906091334,22978712.0
2015-03-11,28.68,28.76,28.21,28.26,25160166.0,0.0,1.0,26.132828140916,26.205723059022002,25.704570497045,25.750129820861,25160166.0
2015-03-10,29.15,29.17,28.66,28.66,26542321.0,0.0,1.0,26.561085784787,26.579309514313998,26.114604411389,26.114604411389,26542321.0
2015-03-09,28.9,29.45,28.76,29.36,23007718.0,0.0,1.0,26.333289165707,26.834441727684002,26.205723059022002,26.752434944815,23007718.0
